snk1,down,8,5,2,3,snk2,right,8,5,2,3
snk1,down,8,5,2,4,snk2,down,8,5,2,4
snk1,down,8,5,2,5,snk2,down,8,5,2,5
snk1,right,8,5,3,5,snk2,down,8,5,3,5
snk1,right,8,5,4,5,snk2,right,8,5,4,5
snk1,right,8,5,5,5,snk2,right,8,5,5,5
snk1,right,8,5,6,5,snk2,right,8,5,6,5
snk1,right,8,5,7,5,snk2,right,8,5,7,5
snk1,right,3,11,8,5,snk2,right,3,11,8,5
snk1,down,3,11,8,6,8,5,snk2,right,3,11,8,6,8,5
snk1,left,3,11,7,6,8,6,snk2,down,3,11,7,6,8,6
snk1,left,3,11,6,6,7,6,snk2,left,3,11,6,6,7,6
snk1,left,3,11,5,6,6,6,snk2,left,3,11,5,6,6,6
snk1,left,3,11,4,6,5,6,snk2,left,3,11,4,6,5,6
snk1,left,3,11,3,6,4,6,snk2,left,3,11,3,6,4,6
snk1,down,3,11,3,7,3,6,snk2,left,3,11,3,7,3,6
snk1,down,3,11,3,8,3,7,snk2,down,3,11,3,8,3,7
snk1,down,3,11,3,9,3,8,snk2,down,3,11,3,9,3,8
snk1,down,3,11,3,10,3,9,snk2,down,3,11,3,10,3,9
snk1,down,14,12,3,11,3,10,snk2,down,14,12,3,11,3,10
snk1,down,14,12,3,12,3,11,3,10,snk2,down,14,12,3,12,3,11,3,10
snk1,right,14,12,4,12,3,12,3,11,snk2,down,14,12,4,12,3,12,3,11
snk1,right,14,12,5,12,4,12,3,12,snk2,right,14,12,5,12,4,12,3,12
snk1,right,14,12,6,12,5,12,4,12,snk2,right,14,12,6,12,5,12,4,12
snk1,right,14,12,7,12,6,12,5,12,snk2,right,14,12,7,12,6,12,5,12
snk1,right,14,12,8,12,7,12,6,12,snk2,right,14,12,8,12,7,12,6,12
snk1,right,14,12,9,12,8,12,7,12,snk2,right,14,12,9,12,8,12,7,12
snk1,right,14,12,10,12,9,12,8,12,snk2,right,14,12,10,12,9,12,8,12
snk1,right,14,12,11,12,10,12,9,12,snk2,right,14,12,11,12,10,12,9,12
snk1,right,14,12,12,12,11,12,10,12,snk2,right,14,12,12,12,11,12,10,12
snk1,right,14,12,13,12,12,12,11,12,snk2,right,14,12,13,12,12,12,11,12
snk1,right,10,8,14,12,13,12,12,12,snk2,right,10,8,14,12,13,12,12,12
snk1,up,10,8,14,11,14,12,13,12,12,12,snk2,right,10,8,14,11,14,12,13,12,12,12
snk1,left,10,8,13,11,14,11,14,12,13,12,snk2,up,10,8,13,11,14,11,14,12,13,12
snk1,left,10,8,12,11,13,11,14,11,14,12,snk2,left,10,8,12,11,13,11,14,11,14,12
snk1,left,10,8,11,11,12,11,13,11,14,11,snk2,left,10,8,11,11,12,11,13,11,14,11
snk1,left,10,8,10,11,11,11,12,11,13,11,snk2,left,10,8,10,11,11,11,12,11,13,11
snk1,up,10,8,10,10,10,11,11,11,12,11,snk2,left,10,8,10,10,10,11,11,11,12,11
snk1,up,10,8,10,9,10,10,10,11,11,11,snk2,up,10,8,10,9,10,10,10,11,11,11
snk1,up,14,16,10,8,10,9,10,10,10,11,snk2,up,14,16,10,8,10,9,10,10,10,11
snk1,right,14,16,11,8,10,8,10,9,10,10,10,11,snk2,up,14,16,11,8,10,8,10,9,10,10,10,11
snk1,down,14,16,11,9,11,8,10,8,10,9,10,10,snk2,right,14,16,11,9,11,8,10,8,10,9,10,10
snk1,down,14,16,11,10,11,9,11,8,10,8,10,9,snk2,down,14,16,11,10,11,9,11,8,10,8,10,9
snk1,down,14,16,11,11,11,10,11,9,11,8,10,8,snk2,down,14,16,11,11,11,10,11,9,11,8,10,8
snk1,down,14,16,11,12,11,11,11,10,11,9,11,8,snk2,down,14,16,11,12,11,11,11,10,11,9,11,8
snk1,down,14,16,11,13,11,12,11,11,11,10,11,9,snk2,down,14,16,11,13,11,12,11,11,11,10,11,9
snk1,down,14,16,11,14,11,13,11,12,11,11,11,10,snk2,down,14,16,11,14,11,13,11,12,11,11,11,10
snk1,down,14,16,11,15,11,14,11,13,11,12,11,11,snk2,down,14,16,11,15,11,14,11,13,11,12,11,11
snk1,down,14,16,11,16,11,15,11,14,11,13,11,12,snk2,down,14,16,11,16,11,15,11,14,11,13,11,12
snk1,right,14,16,12,16,11,16,11,15,11,14,11,13,snk2,down,14,16,12,16,11,16,11,15,11,14,11,13
snk1,right,14,16,13,16,12,16,11,16,11,15,11,14,snk2,right,14,16,13,16,12,16,11,16,11,15,11,14
snk1,right,10,13,14,16,13,16,12,16,11,16,11,15,snk2,right,10,13,14,16,13,16,12,16,11,16,11,15
snk1,up,10,13,14,15,14,16,13,16,12,16,11,16,11,15,snk2,right,10,13,14,15,14,16,13,16,12,16,11,16,11,15
snk1,left,10,13,13,15,14,15,14,16,13,16,12,16,11,16,snk2,up,10,13,13,15,14,15,14,16,13,16,12,16,11,16
snk1,left,10,13,12,15,13,15,14,15,14,16,13,16,12,16,snk2,left,10,13,12,15,13,15,14,15,14,16,13,16,12,16
snk1,left,10,13,11,15,12,15,13,15,14,15,14,16,13,16,snk2,left,10,13,11,15,12,15,13,15,14,15,14,16,13,16
snk1,left,10,13,10,15,11,15,12,15,13,15,14,15,14,16,snk2,left,10,13,10,15,11,15,12,15,13,15,14,15,14,16
snk1,up,10,13,10,14,10,15,11,15,12,15,13,15,14,15,snk2,left,10,13,10,14,10,15,11,15,12,15,13,15,14,15
snk1,up,3,3,10,13,10,14,10,15,11,15,12,15,13,15,snk2,up,3,3,10,13,10,14,10,15,11,15,12,15,13,15
snk1,left,3,3,9,13,10,13,10,14,10,15,11,15,12,15,13,15,snk2,up,3,3,9,13,10,13,10,14,10,15,11,15,12,15,13,15
snk1,left,3,3,8,13,9,13,10,13,10,14,10,15,11,15,12,15,snk2,left,3,3,8,13,9,13,10,13,10,14,10,15,11,15,12,15
snk1,left,3,3,7,13,8,13,9,13,10,13,10,14,10,15,11,15,snk2,left,3,3,7,13,8,13,9,13,10,13,10,14,10,15,11,15
snk1,left,3,3,6,13,7,13,8,13,9,13,10,13,10,14,10,15,snk2,left,3,3,6,13,7,13,8,13,9,13,10,13,10,14,10,15
snk1,left,3,3,5,13,6,13,7,13,8,13,9,13,10,13,10,14,snk2,left,3,3,5,13,6,13,7,13,8,13,9,13,10,13,10,14
snk1,left,3,3,4,13,5,13,6,13,7,13,8,13,9,13,10,13,snk2,left,3,3,4,13,5,13,6,13,7,13,8,13,9,13,10,13
snk1,left,3,3,3,13,4,13,5,13,6,13,7,13,8,13,9,13,snk2,left,3,3,3,13,4,13,5,13,6,13,7,13,8,13,9,13
snk1,up,3,3,3,12,3,13,4,13,5,13,6,13,7,13,8,13,snk2,left,3,3,3,12,3,13,4,13,5,13,6,13,7,13,8,13
snk1,up,3,3,3,11,3,12,3,13,4,13,5,13,6,13,7,13,snk2,up,3,3,3,11,3,12,3,13,4,13,5,13,6,13,7,13
snk1,up,3,3,3,10,3,11,3,12,3,13,4,13,5,13,6,13,snk2,up,3,3,3,10,3,11,3,12,3,13,4,13,5,13,6,13
snk1,up,3,3,3,9,3,10,3,11,3,12,3,13,4,13,5,13,snk2,up,3,3,3,9,3,10,3,11,3,12,3,13,4,13,5,13
snk1,up,3,3,3,8,3,9,3,10,3,11,3,12,3,13,4,13,snk2,up,3,3,3,8,3,9,3,10,3,11,3,12,3,13,4,13
snk1,up,3,3,3,7,3,8,3,9,3,10,3,11,3,12,3,13,snk2,up,3,3,3,7,3,8,3,9,3,10,3,11,3,12,3,13
snk1,up,3,3,3,6,3,7,3,8,3,9,3,10,3,11,3,12,snk2,up,3,3,3,6,3,7,3,8,3,9,3,10,3,11,3,12
snk1,up,3,3,3,5,3,6,3,7,3,8,3,9,3,10,3,11,snk2,up,3,3,3,5,3,6,3,7,3,8,3,9,3,10,3,11
snk1,up,3,3,3,4,3,5,3,6,3,7,3,8,3,9,3,10,snk2,up,3,3,3,4,3,5,3,6,3,7,3,8,3,9,3,10
snk1,up,15,14,3,3,3,4,3,5,3,6,3,7,3,8,3,9,snk2,up,15,14,3,3,3,4,3,5,3,6,3,7,3,8,3,9
snk1,right,15,14,4,3,3,3,3,4,3,5,3,6,3,7,3,8,3,9,snk2,up,15,14,4,3,3,3,3,4,3,5,3,6,3,7,3,8,3,9
snk1,down,15,14,4,4,4,3,3,3,3,4,3,5,3,6,3,7,3,8,snk2,right,15,14,4,4,4,3,3,3,3,4,3,5,3,6,3,7,3,8
snk1,down,15,14,4,5,4,4,4,3,3,3,3,4,3,5,3,6,3,7,snk2,down,15,14,4,5,4,4,4,3,3,3,3,4,3,5,3,6,3,7
snk1,down,15,14,4,6,4,5,4,4,4,3,3,3,3,4,3,5,3,6,snk2,down,15,14,4,6,4,5,4,4,4,3,3,3,3,4,3,5,3,6
snk1,down,15,14,4,7,4,6,4,5,4,4,4,3,3,3,3,4,3,5,snk2,down,15,14,4,7,4,6,4,5,4,4,4,3,3,3,3,4,3,5
snk1,down,15,14,4,8,4,7,4,6,4,5,4,4,4,3,3,3,3,4,snk2,down,15,14,4,8,4,7,4,6,4,5,4,4,4,3,3,3,3,4
snk1,down,15,14,4,9,4,8,4,7,4,6,4,5,4,4,4,3,3,3,snk2,down,15,14,4,9,4,8,4,7,4,6,4,5,4,4,4,3,3,3
snk1,down,15,14,4,10,4,9,4,8,4,7,4,6,4,5,4,4,4,3,snk2,down,15,14,4,10,4,9,4,8,4,7,4,6,4,5,4,4,4,3
snk1,down,15,14,4,11,4,10,4,9,4,8,4,7,4,6,4,5,4,4,snk2,down,15,14,4,11,4,10,4,9,4,8,4,7,4,6,4,5,4,4
snk1,down,15,14,4,12,4,11,4,10,4,9,4,8,4,7,4,6,4,5,snk2,down,15,14,4,12,4,11,4,10,4,9,4,8,4,7,4,6,4,5
snk1,down,15,14,4,13,4,12,4,11,4,10,4,9,4,8,4,7,4,6,snk2,down,15,14,4,13,4,12,4,11,4,10,4,9,4,8,4,7,4,6
snk1,down,15,14,4,14,4,13,4,12,4,11,4,10,4,9,4,8,4,7,snk2,down,15,14,4,14,4,13,4,12,4,11,4,10,4,9,4,8,4,7
snk1,right,15,14,5,14,4,14,4,13,4,12,4,11,4,10,4,9,4,8,snk2,down,15,14,5,14,4,14,4,13,4,12,4,11,4,10,4,9,4,8
snk1,right,15,14,6,14,5,14,4,14,4,13,4,12,4,11,4,10,4,9,snk2,right,15,14,6,14,5,14,4,14,4,13,4,12,4,11,4,10,4,9
snk1,right,15,14,7,14,6,14,5,14,4,14,4,13,4,12,4,11,4,10,snk2,right,15,14,7,14,6,14,5,14,4,14,4,13,4,12,4,11,4,10
snk1,right,15,14,8,14,7,14,6,14,5,14,4,14,4,13,4,12,4,11,snk2,right,15,14,8,14,7,14,6,14,5,14,4,14,4,13,4,12,4,11
snk1,right,15,14,9,14,8,14,7,14,6,14,5,14,4,14,4,13,4,12,snk2,right,15,14,9,14,8,14,7,14,6,14,5,14,4,14,4,13,4,12
snk1,right,15,14,10,14,9,14,8,14,7,14,6,14,5,14,4,14,4,13,snk2,right,15,14,10,14,9,14,8,14,7,14,6,14,5,14,4,14,4,13
snk1,right,15,14,11,14,10,14,9,14,8,14,7,14,6,14,5,14,4,14,snk2,right,15,14,11,14,10,14,9,14,8,14,7,14,6,14,5,14,4,14
snk1,right,15,14,12,14,11,14,10,14,9,14,8,14,7,14,6,14,5,14,snk2,right,15,14,12,14,11,14,10,14,9,14,8,14,7,14,6,14,5,14
snk1,right,15,14,13,14,12,14,11,14,10,14,9,14,8,14,7,14,6,14,snk2,right,15,14,13,14,12,14,11,14,10,14,9,14,8,14,7,14,6,14
snk1,right,15,14,14,14,13,14,12,14,11,14,10,14,9,14,8,14,7,14,snk2,right,15,14,14,14,13,14,12,14,11,14,10,14,9,14,8,14,7,14
snk1,right,16,3,15,14,14,14,13,14,12,14,11,14,10,14,9,14,8,14,snk2,right,16,3,15,14,14,14,13,14,12,14,11,14,10,14,9,14,8,14
snk1,right,16,3,16,14,15,14,14,14,13,14,12,14,11,14,10,14,9,14,8,14,snk2,right,16,3,16,14,15,14,14,14,13,14,12,14,11,14,10,14,9,14,8,14
snk1,up,16,3,16,13,16,14,15,14,14,14,13,14,12,14,11,14,10,14,9,14,snk2,right,16,3,16,13,16,14,15,14,14,14,13,14,12,14,11,14,10,14,9,14
snk1,up,16,3,16,12,16,13,16,14,15,14,14,14,13,14,12,14,11,14,10,14,snk2,up,16,3,16,12,16,13,16,14,15,14,14,14,13,14,12,14,11,14,10,14
snk1,up,16,3,16,11,16,12,16,13,16,14,15,14,14,14,13,14,12,14,11,14,snk2,up,16,3,16,11,16,12,16,13,16,14,15,14,14,14,13,14,12,14,11,14
snk1,up,16,3,16,10,16,11,16,12,16,13,16,14,15,14,14,14,13,14,12,14,snk2,up,16,3,16,10,16,11,16,12,16,13,16,14,15,14,14,14,13,14,12,14
snk1,up,16,3,16,9,16,10,16,11,16,12,16,13,16,14,15,14,14,14,13,14,snk2,up,16,3,16,9,16,10,16,11,16,12,16,13,16,14,15,14,14,14,13,14
snk1,up,16,3,16,8,16,9,16,10,16,11,16,12,16,13,16,14,15,14,14,14,snk2,up,16,3,16,8,16,9,16,10,16,11,16,12,16,13,16,14,15,14,14,14
snk1,up,16,3,16,7,16,8,16,9,16,10,16,11,16,12,16,13,16,14,15,14,snk2,up,16,3,16,7,16,8,16,9,16,10,16,11,16,12,16,13,16,14,15,14
snk1,up,16,3,16,6,16,7,16,8,16,9,16,10,16,11,16,12,16,13,16,14,snk2,up,16,3,16,6,16,7,16,8,16,9,16,10,16,11,16,12,16,13,16,14
snk1,up,16,3,16,5,16,6,16,7,16,8,16,9,16,10,16,11,16,12,16,13,snk2,up,16,3,16,5,16,6,16,7,16,8,16,9,16,10,16,11,16,12,16,13
snk1,up,16,3,16,4,16,5,16,6,16,7,16,8,16,9,16,10,16,11,16,12,snk2,up,16,3,16,4,16,5,16,6,16,7,16,8,16,9,16,10,16,11,16,12
snk1,up,10,14,16,3,16,4,16,5,16,6,16,7,16,8,16,9,16,10,16,11,snk2,up,10,14,16,3,16,4,16,5,16,6,16,7,16,8,16,9,16,10,16,11
snk1,left,10,14,15,3,16,3,16,4,16,5,16,6,16,7,16,8,16,9,16,10,16,11,snk2,up,10,14,15,3,16,3,16,4,16,5,16,6,16,7,16,8,16,9,16,10,16,11
snk1,left,10,14,14,3,15,3,16,3,16,4,16,5,16,6,16,7,16,8,16,9,16,10,snk2,left,10,14,14,3,15,3,16,3,16,4,16,5,16,6,16,7,16,8,16,9,16,10
snk1,left,10,14,13,3,14,3,15,3,16,3,16,4,16,5,16,6,16,7,16,8,16,9,snk2,left,10,14,13,3,14,3,15,3,16,3,16,4,16,5,16,6,16,7,16,8,16,9
snk1,left,10,14,12,3,13,3,14,3,15,3,16,3,16,4,16,5,16,6,16,7,16,8,snk2,left,10,14,12,3,13,3,14,3,15,3,16,3,16,4,16,5,16,6,16,7,16,8
snk1,left,10,14,11,3,12,3,13,3,14,3,15,3,16,3,16,4,16,5,16,6,16,7,snk2,left,10,14,11,3,12,3,13,3,14,3,15,3,16,3,16,4,16,5,16,6,16,7
snk1,left,10,14,10,3,11,3,12,3,13,3,14,3,15,3,16,3,16,4,16,5,16,6,snk2,left,10,14,10,3,11,3,12,3,13,3,14,3,15,3,16,3,16,4,16,5,16,6
snk1,down,10,14,10,4,10,3,11,3,12,3,13,3,14,3,15,3,16,3,16,4,16,5,snk2,left,10,14,10,4,10,3,11,3,12,3,13,3,14,3,15,3,16,3,16,4,16,5
snk1,down,10,14,10,5,10,4,10,3,11,3,12,3,13,3,14,3,15,3,16,3,16,4,snk2,down,10,14,10,5,10,4,10,3,11,3,12,3,13,3,14,3,15,3,16,3,16,4
snk1,down,10,14,10,6,10,5,10,4,10,3,11,3,12,3,13,3,14,3,15,3,16,3,snk2,down,10,14,10,6,10,5,10,4,10,3,11,3,12,3,13,3,14,3,15,3,16,3
snk1,down,10,14,10,7,10,6,10,5,10,4,10,3,11,3,12,3,13,3,14,3,15,3,snk2,down,10,14,10,7,10,6,10,5,10,4,10,3,11,3,12,3,13,3,14,3,15,3
snk1,down,10,14,10,8,10,7,10,6,10,5,10,4,10,3,11,3,12,3,13,3,14,3,snk2,down,10,14,10,8,10,7,10,6,10,5,10,4,10,3,11,3,12,3,13,3,14,3
snk1,down,10,14,10,9,10,8,10,7,10,6,10,5,10,4,10,3,11,3,12,3,13,3,snk2,down,10,14,10,9,10,8,10,7,10,6,10,5,10,4,10,3,11,3,12,3,13,3
snk1,down,10,14,10,10,10,9,10,8,10,7,10,6,10,5,10,4,10,3,11,3,12,3,snk2,down,10,14,10,10,10,9,10,8,10,7,10,6,10,5,10,4,10,3,11,3,12,3
snk1,down,10,14,10,11,10,10,10,9,10,8,10,7,10,6,10,5,10,4,10,3,11,3,snk2,down,10,14,10,11,10,10,10,9,10,8,10,7,10,6,10,5,10,4,10,3,11,3
snk1,down,10,14,10,12,10,11,10,10,10,9,10,8,10,7,10,6,10,5,10,4,10,3,snk2,down,10,14,10,12,10,11,10,10,10,9,10,8,10,7,10,6,10,5,10,4,10,3
snk1,down,10,14,10,13,10,12,10,11,10,10,10,9,10,8,10,7,10,6,10,5,10,4,snk2,down,10,14,10,13,10,12,10,11,10,10,10,9,10,8,10,7,10,6,10,5,10,4
snk1,down,18,9,10,14,10,13,10,12,10,11,10,10,10,9,10,8,10,7,10,6,10,5,snk2,down,18,9,10,14,10,13,10,12,10,11,10,10,10,9,10,8,10,7,10,6,10,5
snk1,right,18,9,11,14,10,14,10,13,10,12,10,11,10,10,10,9,10,8,10,7,10,6,10,5,snk2,down,18,9,11,14,10,14,10,13,10,12,10,11,10,10,10,9,10,8,10,7,10,6,10,5
snk1,right,18,9,12,14,11,14,10,14,10,13,10,12,10,11,10,10,10,9,10,8,10,7,10,6,snk2,right,18,9,12,14,11,14,10,14,10,13,10,12,10,11,10,10,10,9,10,8,10,7,10,6
snk1,right,18,9,13,14,12,14,11,14,10,14,10,13,10,12,10,11,10,10,10,9,10,8,10,7,snk2,right,18,9,13,14,12,14,11,14,10,14,10,13,10,12,10,11,10,10,10,9,10,8,10,7
snk1,right,18,9,14,14,13,14,12,14,11,14,10,14,10,13,10,12,10,11,10,10,10,9,10,8,snk2,right,18,9,14,14,13,14,12,14,11,14,10,14,10,13,10,12,10,11,10,10,10,9,10,8
snk1,right,18,9,15,14,14,14,13,14,12,14,11,14,10,14,10,13,10,12,10,11,10,10,10,9,snk2,right,18,9,15,14,14,14,13,14,12,14,11,14,10,14,10,13,10,12,10,11,10,10,10,9
snk1,right,18,9,16,14,15,14,14,14,13,14,12,14,11,14,10,14,10,13,10,12,10,11,10,10,snk2,right,18,9,16,14,15,14,14,14,13,14,12,14,11,14,10,14,10,13,10,12,10,11,10,10
snk1,right,18,9,17,14,16,14,15,14,14,14,13,14,12,14,11,14,10,14,10,13,10,12,10,11,snk2,right,18,9,17,14,16,14,15,14,14,14,13,14,12,14,11,14,10,14,10,13,10,12,10,11
snk1,right,18,9,18,14,17,14,16,14,15,14,14,14,13,14,12,14,11,14,10,14,10,13,10,12,snk2,right,18,9,18,14,17,14,16,14,15,14,14,14,13,14,12,14,11,14,10,14,10,13,10,12
snk1,up,18,9,18,13,18,14,17,14,16,14,15,14,14,14,13,14,12,14,11,14,10,14,10,13,snk2,right,18,9,18,13,18,14,17,14,16,14,15,14,14,14,13,14,12,14,11,14,10,14,10,13
snk1,up,18,9,18,12,18,13,18,14,17,14,16,14,15,14,14,14,13,14,12,14,11,14,10,14,snk2,up,18,9,18,12,18,13,18,14,17,14,16,14,15,14,14,14,13,14,12,14,11,14,10,14
snk1,up,18,9,18,11,18,12,18,13,18,14,17,14,16,14,15,14,14,14,13,14,12,14,11,14,snk2,up,18,9,18,11,18,12,18,13,18,14,17,14,16,14,15,14,14,14,13,14,12,14,11,14
snk1,up,18,9,18,10,18,11,18,12,18,13,18,14,17,14,16,14,15,14,14,14,13,14,12,14,snk2,up,18,9,18,10,18,11,18,12,18,13,18,14,17,14,16,14,15,14,14,14,13,14,12,14
snk1,up,6,16,18,9,18,10,18,11,18,12,18,13,18,14,17,14,16,14,15,14,14,14,13,14,snk2,up,6,16,18,9,18,10,18,11,18,12,18,13,18,14,17,14,16,14,15,14,14,14,13,14
snk1,left,6,16,17,9,18,9,18,10,18,11,18,12,18,13,18,14,17,14,16,14,15,14,14,14,13,14,snk2,up,6,16,17,9,18,9,18,10,18,11,18,12,18,13,18,14,17,14,16,14,15,14,14,14,13,14
snk1,left,6,16,16,9,17,9,18,9,18,10,18,11,18,12,18,13,18,14,17,14,16,14,15,14,14,14,snk2,left,6,16,16,9,17,9,18,9,18,10,18,11,18,12,18,13,18,14,17,14,16,14,15,14,14,14
snk1,left,6,16,15,9,16,9,17,9,18,9,18,10,18,11,18,12,18,13,18,14,17,14,16,14,15,14,snk2,left,6,16,15,9,16,9,17,9,18,9,18,10,18,11,18,12,18,13,18,14,17,14,16,14,15,14
snk1,left,6,16,14,9,15,9,16,9,17,9,18,9,18,10,18,11,18,12,18,13,18,14,17,14,16,14,snk2,left,6,16,14,9,15,9,16,9,17,9,18,9,18,10,18,11,18,12,18,13,18,14,17,14,16,14
snk1,left,6,16,13,9,14,9,15,9,16,9,17,9,18,9,18,10,18,11,18,12,18,13,18,14,17,14,snk2,left,6,16,13,9,14,9,15,9,16,9,17,9,18,9,18,10,18,11,18,12,18,13,18,14,17,14
snk1,left,6,16,12,9,13,9,14,9,15,9,16,9,17,9,18,9,18,10,18,11,18,12,18,13,18,14,snk2,left,6,16,12,9,13,9,14,9,15,9,16,9,17,9,18,9,18,10,18,11,18,12,18,13,18,14
snk1,left,6,16,11,9,12,9,13,9,14,9,15,9,16,9,17,9,18,9,18,10,18,11,18,12,18,13,snk2,left,6,16,11,9,12,9,13,9,14,9,15,9,16,9,17,9,18,9,18,10,18,11,18,12,18,13
snk1,left,6,16,10,9,11,9,12,9,13,9,14,9,15,9,16,9,17,9,18,9,18,10,18,11,18,12,snk2,left,6,16,10,9,11,9,12,9,13,9,14,9,15,9,16,9,17,9,18,9,18,10,18,11,18,12
snk1,left,6,16,9,9,10,9,11,9,12,9,13,9,14,9,15,9,16,9,17,9,18,9,18,10,18,11,snk2,left,6,16,9,9,10,9,11,9,12,9,13,9,14,9,15,9,16,9,17,9,18,9,18,10,18,11
snk1,left,6,16,8,9,9,9,10,9,11,9,12,9,13,9,14,9,15,9,16,9,17,9,18,9,18,10,snk2,left,6,16,8,9,9,9,10,9,11,9,12,9,13,9,14,9,15,9,16,9,17,9,18,9,18,10
snk1,left,6,16,7,9,8,9,9,9,10,9,11,9,12,9,13,9,14,9,15,9,16,9,17,9,18,9,snk2,left,6,16,7,9,8,9,9,9,10,9,11,9,12,9,13,9,14,9,15,9,16,9,17,9,18,9
snk1,left,6,16,6,9,7,9,8,9,9,9,10,9,11,9,12,9,13,9,14,9,15,9,16,9,17,9,snk2,left,6,16,6,9,7,9,8,9,9,9,10,9,11,9,12,9,13,9,14,9,15,9,16,9,17,9
snk1,down,6,16,6,10,6,9,7,9,8,9,9,9,10,9,11,9,12,9,13,9,14,9,15,9,16,9,snk2,left,6,16,6,10,6,9,7,9,8,9,9,9,10,9,11,9,12,9,13,9,14,9,15,9,16,9
snk1,down,6,16,6,11,6,10,6,9,7,9,8,9,9,9,10,9,11,9,12,9,13,9,14,9,15,9,snk2,down,6,16,6,11,6,10,6,9,7,9,8,9,9,9,10,9,11,9,12,9,13,9,14,9,15,9
snk1,down,6,16,6,12,6,11,6,10,6,9,7,9,8,9,9,9,10,9,11,9,12,9,13,9,14,9,snk2,down,6,16,6,12,6,11,6,10,6,9,7,9,8,9,9,9,10,9,11,9,12,9,13,9,14,9
snk1,down,6,16,6,13,6,12,6,11,6,10,6,9,7,9,8,9,9,9,10,9,11,9,12,9,13,9,snk2,down,6,16,6,13,6,12,6,11,6,10,6,9,7,9,8,9,9,9,10,9,11,9,12,9,13,9
snk1,down,6,16,6,14,6,13,6,12,6,11,6,10,6,9,7,9,8,9,9,9,10,9,11,9,12,9,snk2,down,6,16,6,14,6,13,6,12,6,11,6,10,6,9,7,9,8,9,9,9,10,9,11,9,12,9
snk1,down,6,16,6,15,6,14,6,13,6,12,6,11,6,10,6,9,7,9,8,9,9,9,10,9,11,9,snk2,down,6,16,6,15,6,14,6,13,6,12,6,11,6,10,6,9,7,9,8,9,9,9,10,9,11,9
snk1,down,5,17,6,16,6,15,6,14,6,13,6,12,6,11,6,10,6,9,7,9,8,9,9,9,10,9,snk2,down,5,17,6,16,6,15,6,14,6,13,6,12,6,11,6,10,6,9,7,9,8,9,9,9,10,9
snk1,left,5,17,5,16,6,16,6,15,6,14,6,13,6,12,6,11,6,10,6,9,7,9,8,9,9,9,10,9,snk2,down,5,17,5,16,6,16,6,15,6,14,6,13,6,12,6,11,6,10,6,9,7,9,8,9,9,9,10,9
snk1,down,2,5,5,17,5,16,6,16,6,15,6,14,6,13,6,12,6,11,6,10,6,9,7,9,8,9,9,9,snk2,left,2,5,5,17,5,16,6,16,6,15,6,14,6,13,6,12,6,11,6,10,6,9,7,9,8,9,9,9
snk1,left,2,5,4,17,5,17,5,16,6,16,6,15,6,14,6,13,6,12,6,11,6,10,6,9,7,9,8,9,9,9,snk2,down,2,5,4,17,5,17,5,16,6,16,6,15,6,14,6,13,6,12,6,11,6,10,6,9,7,9,8,9,9,9
snk1,left,2,5,3,17,4,17,5,17,5,16,6,16,6,15,6,14,6,13,6,12,6,11,6,10,6,9,7,9,8,9,snk2,left,2,5,3,17,4,17,5,17,5,16,6,16,6,15,6,14,6,13,6,12,6,11,6,10,6,9,7,9,8,9
snk1,left,2,5,2,17,3,17,4,17,5,17,5,16,6,16,6,15,6,14,6,13,6,12,6,11,6,10,6,9,7,9,snk2,left,2,5,2,17,3,17,4,17,5,17,5,16,6,16,6,15,6,14,6,13,6,12,6,11,6,10,6,9,7,9
snk1,up,2,5,2,16,2,17,3,17,4,17,5,17,5,16,6,16,6,15,6,14,6,13,6,12,6,11,6,10,6,9,snk2,left,2,5,2,16,2,17,3,17,4,17,5,17,5,16,6,16,6,15,6,14,6,13,6,12,6,11,6,10,6,9
snk1,up,2,5,2,15,2,16,2,17,3,17,4,17,5,17,5,16,6,16,6,15,6,14,6,13,6,12,6,11,6,10,snk2,up,2,5,2,15,2,16,2,17,3,17,4,17,5,17,5,16,6,16,6,15,6,14,6,13,6,12,6,11,6,10
snk1,up,2,5,2,14,2,15,2,16,2,17,3,17,4,17,5,17,5,16,6,16,6,15,6,14,6,13,6,12,6,11,snk2,up,2,5,2,14,2,15,2,16,2,17,3,17,4,17,5,17,5,16,6,16,6,15,6,14,6,13,6,12,6,11
snk1,up,2,5,2,13,2,14,2,15,2,16,2,17,3,17,4,17,5,17,5,16,6,16,6,15,6,14,6,13,6,12,snk2,up,2,5,2,13,2,14,2,15,2,16,2,17,3,17,4,17,5,17,5,16,6,16,6,15,6,14,6,13,6,12
snk1,up,2,5,2,12,2,13,2,14,2,15,2,16,2,17,3,17,4,17,5,17,5,16,6,16,6,15,6,14,6,13,snk2,up,2,5,2,12,2,13,2,14,2,15,2,16,2,17,3,17,4,17,5,17,5,16,6,16,6,15,6,14,6,13
snk1,up,2,5,2,11,2,12,2,13,2,14,2,15,2,16,2,17,3,17,4,17,5,17,5,16,6,16,6,15,6,14,snk2,up,2,5,2,11,2,12,2,13,2,14,2,15,2,16,2,17,3,17,4,17,5,17,5,16,6,16,6,15,6,14
snk1,up,2,5,2,10,2,11,2,12,2,13,2,14,2,15,2,16,2,17,3,17,4,17,5,17,5,16,6,16,6,15,snk2,up,2,5,2,10,2,11,2,12,2,13,2,14,2,15,2,16,2,17,3,17,4,17,5,17,5,16,6,16,6,15
snk1,up,2,5,2,9,2,10,2,11,2,12,2,13,2,14,2,15,2,16,2,17,3,17,4,17,5,17,5,16,6,16,snk2,up,2,5,2,9,2,10,2,11,2,12,2,13,2,14,2,15,2,16,2,17,3,17,4,17,5,17,5,16,6,16
snk1,up,2,5,2,8,2,9,2,10,2,11,2,12,2,13,2,14,2,15,2,16,2,17,3,17,4,17,5,17,5,16,snk2,up,2,5,2,8,2,9,2,10,2,11,2,12,2,13,2,14,2,15,2,16,2,17,3,17,4,17,5,17,5,16
snk1,up,2,5,2,7,2,8,2,9,2,10,2,11,2,12,2,13,2,14,2,15,2,16,2,17,3,17,4,17,5,17,snk2,up,2,5,2,7,2,8,2,9,2,10,2,11,2,12,2,13,2,14,2,15,2,16,2,17,3,17,4,17,5,17
snk1,up,2,5,2,6,2,7,2,8,2,9,2,10,2,11,2,12,2,13,2,14,2,15,2,16,2,17,3,17,4,17,snk2,up,2,5,2,6,2,7,2,8,2,9,2,10,2,11,2,12,2,13,2,14,2,15,2,16,2,17,3,17,4,17
snk1,up,1,15,2,5,2,6,2,7,2,8,2,9,2,10,2,11,2,12,2,13,2,14,2,15,2,16,2,17,3,17,snk2,up,1,15,2,5,2,6,2,7,2,8,2,9,2,10,2,11,2,12,2,13,2,14,2,15,2,16,2,17,3,17
snk1,left,1,15,1,5,2,5,2,6,2,7,2,8,2,9,2,10,2,11,2,12,2,13,2,14,2,15,2,16,2,17,3,17,snk2,up,1,15,1,5,2,5,2,6,2,7,2,8,2,9,2,10,2,11,2,12,2,13,2,14,2,15,2,16,2,17,3,17
snk1,down,1,15,1,6,1,5,2,5,2,6,2,7,2,8,2,9,2,10,2,11,2,12,2,13,2,14,2,15,2,16,2,17,snk2,left,1,15,1,6,1,5,2,5,2,6,2,7,2,8,2,9,2,10,2,11,2,12,2,13,2,14,2,15,2,16,2,17
snk1,down,1,15,1,7,1,6,1,5,2,5,2,6,2,7,2,8,2,9,2,10,2,11,2,12,2,13,2,14,2,15,2,16,snk2,down,1,15,1,7,1,6,1,5,2,5,2,6,2,7,2,8,2,9,2,10,2,11,2,12,2,13,2,14,2,15,2,16
snk1,down,1,15,1,8,1,7,1,6,1,5,2,5,2,6,2,7,2,8,2,9,2,10,2,11,2,12,2,13,2,14,2,15,snk2,down,1,15,1,8,1,7,1,6,1,5,2,5,2,6,2,7,2,8,2,9,2,10,2,11,2,12,2,13,2,14,2,15
snk1,down,1,15,1,9,1,8,1,7,1,6,1,5,2,5,2,6,2,7,2,8,2,9,2,10,2,11,2,12,2,13,2,14,snk2,down,1,15,1,9,1,8,1,7,1,6,1,5,2,5,2,6,2,7,2,8,2,9,2,10,2,11,2,12,2,13,2,14
snk1,down,1,15,1,10,1,9,1,8,1,7,1,6,1,5,2,5,2,6,2,7,2,8,2,9,2,10,2,11,2,12,2,13,snk2,down,1,15,1,10,1,9,1,8,1,7,1,6,1,5,2,5,2,6,2,7,2,8,2,9,2,10,2,11,2,12,2,13
snk1,down,1,15,1,11,1,10,1,9,1,8,1,7,1,6,1,5,2,5,2,6,2,7,2,8,2,9,2,10,2,11,2,12,snk2,down,1,15,1,11,1,10,1,9,1,8,1,7,1,6,1,5,2,5,2,6,2,7,2,8,2,9,2,10,2,11,2,12
snk1,down,1,15,1,12,1,11,1,10,1,9,1,8,1,7,1,6,1,5,2,5,2,6,2,7,2,8,2,9,2,10,2,11,snk2,down,1,15,1,12,1,11,1,10,1,9,1,8,1,7,1,6,1,5,2,5,2,6,2,7,2,8,2,9,2,10,2,11
snk1,down,1,15,1,13,1,12,1,11,1,10,1,9,1,8,1,7,1,6,1,5,2,5,2,6,2,7,2,8,2,9,2,10,snk2,down,1,15,1,13,1,12,1,11,1,10,1,9,1,8,1,7,1,6,1,5,2,5,2,6,2,7,2,8,2,9,2,10
snk1,down,1,15,1,14,1,13,1,12,1,11,1,10,1,9,1,8,1,7,1,6,1,5,2,5,2,6,2,7,2,8,2,9,snk2,down,1,15,1,14,1,13,1,12,1,11,1,10,1,9,1,8,1,7,1,6,1,5,2,5,2,6,2,7,2,8,2,9
snk1,down,13,16,1,15,1,14,1,13,1,12,1,11,1,10,1,9,1,8,1,7,1,6,1,5,2,5,2,6,2,7,2,8,snk2,down,13,16,1,15,1,14,1,13,1,12,1,11,1,10,1,9,1,8,1,7,1,6,1,5,2,5,2,6,2,7,2,8
snk1,down,13,16,1,16,1,15,1,14,1,13,1,12,1,11,1,10,1,9,1,8,1,7,1,6,1,5,2,5,2,6,2,7,2,8,snk2,down,13,16,1,16,1,15,1,14,1,13,1,12,1,11,1,10,1,9,1,8,1,7,1,6,1,5,2,5,2,6,2,7,2,8
snk1,right,13,16,2,16,1,16,1,15,1,14,1,13,1,12,1,11,1,10,1,9,1,8,1,7,1,6,1,5,2,5,2,6,2,7,snk2,down,13,16,2,16,1,16,1,15,1,14,1,13,1,12,1,11,1,10,1,9,1,8,1,7,1,6,1,5,2,5,2,6,2,7
snk1,right,13,16,3,16,2,16,1,16,1,15,1,14,1,13,1,12,1,11,1,10,1,9,1,8,1,7,1,6,1,5,2,5,2,6,snk2,right,13,16,3,16,2,16,1,16,1,15,1,14,1,13,1,12,1,11,1,10,1,9,1,8,1,7,1,6,1,5,2,5,2,6
snk1,right,13,16,4,16,3,16,2,16,1,16,1,15,1,14,1,13,1,12,1,11,1,10,1,9,1,8,1,7,1,6,1,5,2,5,snk2,right,13,16,4,16,3,16,2,16,1,16,1,15,1,14,1,13,1,12,1,11,1,10,1,9,1,8,1,7,1,6,1,5,2,5
snk1,right,13,16,5,16,4,16,3,16,2,16,1,16,1,15,1,14,1,13,1,12,1,11,1,10,1,9,1,8,1,7,1,6,1,5,snk2,right,13,16,5,16,4,16,3,16,2,16,1,16,1,15,1,14,1,13,1,12,1,11,1,10,1,9,1,8,1,7,1,6,1,5
snk1,right,13,16,6,16,5,16,4,16,3,16,2,16,1,16,1,15,1,14,1,13,1,12,1,11,1,10,1,9,1,8,1,7,1,6,snk2,right,13,16,6,16,5,16,4,16,3,16,2,16,1,16,1,15,1,14,1,13,1,12,1,11,1,10,1,9,1,8,1,7,1,6
snk1,right,13,16,7,16,6,16,5,16,4,16,3,16,2,16,1,16,1,15,1,14,1,13,1,12,1,11,1,10,1,9,1,8,1,7,snk2,right,13,16,7,16,6,16,5,16,4,16,3,16,2,16,1,16,1,15,1,14,1,13,1,12,1,11,1,10,1,9,1,8,1,7
snk1,right,13,16,8,16,7,16,6,16,5,16,4,16,3,16,2,16,1,16,1,15,1,14,1,13,1,12,1,11,1,10,1,9,1,8,snk2,right,13,16,8,16,7,16,6,16,5,16,4,16,3,16,2,16,1,16,1,15,1,14,1,13,1,12,1,11,1,10,1,9,1,8
snk1,right,13,16,9,16,8,16,7,16,6,16,5,16,4,16,3,16,2,16,1,16,1,15,1,14,1,13,1,12,1,11,1,10,1,9,snk2,right,13,16,9,16,8,16,7,16,6,16,5,16,4,16,3,16,2,16,1,16,1,15,1,14,1,13,1,12,1,11,1,10,1,9
snk1,right,13,16,10,16,9,16,8,16,7,16,6,16,5,16,4,16,3,16,2,16,1,16,1,15,1,14,1,13,1,12,1,11,1,10,snk2,right,13,16,10,16,9,16,8,16,7,16,6,16,5,16,4,16,3,16,2,16,1,16,1,15,1,14,1,13,1,12,1,11,1,10
snk1,right,13,16,11,16,10,16,9,16,8,16,7,16,6,16,5,16,4,16,3,16,2,16,1,16,1,15,1,14,1,13,1,12,1,11,snk2,right,13,16,11,16,10,16,9,16,8,16,7,16,6,16,5,16,4,16,3,16,2,16,1,16,1,15,1,14,1,13,1,12,1,11
snk1,right,13,16,12,16,11,16,10,16,9,16,8,16,7,16,6,16,5,16,4,16,3,16,2,16,1,16,1,15,1,14,1,13,1,12,snk2,right,13,16,12,16,11,16,10,16,9,16,8,16,7,16,6,16,5,16,4,16,3,16,2,16,1,16,1,15,1,14,1,13,1,12
snk1,right,4,15,13,16,12,16,11,16,10,16,9,16,8,16,7,16,6,16,5,16,4,16,3,16,2,16,1,16,1,15,1,14,1,13,snk2,right,4,15,13,16,12,16,11,16,10,16,9,16,8,16,7,16,6,16,5,16,4,16,3,16,2,16,1,16,1,15,1,14,1,13
snk1,up,4,15,13,15,13,16,12,16,11,16,10,16,9,16,8,16,7,16,6,16,5,16,4,16,3,16,2,16,1,16,1,15,1,14,1,13,snk2,right,4,15,13,15,13,16,12,16,11,16,10,16,9,16,8,16,7,16,6,16,5,16,4,16,3,16,2,16,1,16,1,15,1,14,1,13
snk1,left,4,15,12,15,13,15,13,16,12,16,11,16,10,16,9,16,8,16,7,16,6,16,5,16,4,16,3,16,2,16,1,16,1,15,1,14,snk2,up,4,15,12,15,13,15,13,16,12,16,11,16,10,16,9,16,8,16,7,16,6,16,5,16,4,16,3,16,2,16,1,16,1,15,1,14
snk1,left,4,15,11,15,12,15,13,15,13,16,12,16,11,16,10,16,9,16,8,16,7,16,6,16,5,16,4,16,3,16,2,16,1,16,1,15,snk2,left,4,15,11,15,12,15,13,15,13,16,12,16,11,16,10,16,9,16,8,16,7,16,6,16,5,16,4,16,3,16,2,16,1,16,1,15
snk1,left,4,15,10,15,11,15,12,15,13,15,13,16,12,16,11,16,10,16,9,16,8,16,7,16,6,16,5,16,4,16,3,16,2,16,1,16,snk2,left,4,15,10,15,11,15,12,15,13,15,13,16,12,16,11,16,10,16,9,16,8,16,7,16,6,16,5,16,4,16,3,16,2,16,1,16
snk1,left,4,15,9,15,10,15,11,15,12,15,13,15,13,16,12,16,11,16,10,16,9,16,8,16,7,16,6,16,5,16,4,16,3,16,2,16,snk2,left,4,15,9,15,10,15,11,15,12,15,13,15,13,16,12,16,11,16,10,16,9,16,8,16,7,16,6,16,5,16,4,16,3,16,2,16
snk1,left,4,15,8,15,9,15,10,15,11,15,12,15,13,15,13,16,12,16,11,16,10,16,9,16,8,16,7,16,6,16,5,16,4,16,3,16,snk2,left,4,15,8,15,9,15,10,15,11,15,12,15,13,15,13,16,12,16,11,16,10,16,9,16,8,16,7,16,6,16,5,16,4,16,3,16
snk1,left,4,15,7,15,8,15,9,15,10,15,11,15,12,15,13,15,13,16,12,16,11,16,10,16,9,16,8,16,7,16,6,16,5,16,4,16,snk2,left,4,15,7,15,8,15,9,15,10,15,11,15,12,15,13,15,13,16,12,16,11,16,10,16,9,16,8,16,7,16,6,16,5,16,4,16
snk1,left,4,15,6,15,7,15,8,15,9,15,10,15,11,15,12,15,13,15,13,16,12,16,11,16,10,16,9,16,8,16,7,16,6,16,5,16,snk2,left,4,15,6,15,7,15,8,15,9,15,10,15,11,15,12,15,13,15,13,16,12,16,11,16,10,16,9,16,8,16,7,16,6,16,5,16
snk1,left,4,15,5,15,6,15,7,15,8,15,9,15,10,15,11,15,12,15,13,15,13,16,12,16,11,16,10,16,9,16,8,16,7,16,6,16,snk2,left,4,15,5,15,6,15,7,15,8,15,9,15,10,15,11,15,12,15,13,15,13,16,12,16,11,16,10,16,9,16,8,16,7,16,6,16
snk1,left,12,3,4,15,5,15,6,15,7,15,8,15,9,15,10,15,11,15,12,15,13,15,13,16,12,16,11,16,10,16,9,16,8,16,7,16,snk2,left,12,3,4,15,5,15,6,15,7,15,8,15,9,15,10,15,11,15,12,15,13,15,13,16,12,16,11,16,10,16,9,16,8,16,7,16
snk1,up,12,3,4,14,4,15,5,15,6,15,7,15,8,15,9,15,10,15,11,15,12,15,13,15,13,16,12,16,11,16,10,16,9,16,8,16,7,16,snk2,left,12,3,4,14,4,15,5,15,6,15,7,15,8,15,9,15,10,15,11,15,12,15,13,15,13,16,12,16,11,16,10,16,9,16,8,16,7,16
snk1,right,12,3,5,14,4,14,4,15,5,15,6,15,7,15,8,15,9,15,10,15,11,15,12,15,13,15,13,16,12,16,11,16,10,16,9,16,8,16,snk2,up,12,3,5,14,4,14,4,15,5,15,6,15,7,15,8,15,9,15,10,15,11,15,12,15,13,15,13,16,12,16,11,16,10,16,9,16,8,16
snk1,right,12,3,6,14,5,14,4,14,4,15,5,15,6,15,7,15,8,15,9,15,10,15,11,15,12,15,13,15,13,16,12,16,11,16,10,16,9,16,snk2,right,12,3,6,14,5,14,4,14,4,15,5,15,6,15,7,15,8,15,9,15,10,15,11,15,12,15,13,15,13,16,12,16,11,16,10,16,9,16
snk1,right,12,3,7,14,6,14,5,14,4,14,4,15,5,15,6,15,7,15,8,15,9,15,10,15,11,15,12,15,13,15,13,16,12,16,11,16,10,16,snk2,right,12,3,7,14,6,14,5,14,4,14,4,15,5,15,6,15,7,15,8,15,9,15,10,15,11,15,12,15,13,15,13,16,12,16,11,16,10,16
snk1,right,12,3,8,14,7,14,6,14,5,14,4,14,4,15,5,15,6,15,7,15,8,15,9,15,10,15,11,15,12,15,13,15,13,16,12,16,11,16,snk2,right,12,3,8,14,7,14,6,14,5,14,4,14,4,15,5,15,6,15,7,15,8,15,9,15,10,15,11,15,12,15,13,15,13,16,12,16,11,16
snk1,right,12,3,9,14,8,14,7,14,6,14,5,14,4,14,4,15,5,15,6,15,7,15,8,15,9,15,10,15,11,15,12,15,13,15,13,16,12,16,snk2,right,12,3,9,14,8,14,7,14,6,14,5,14,4,14,4,15,5,15,6,15,7,15,8,15,9,15,10,15,11,15,12,15,13,15,13,16,12,16
snk1,right,12,3,10,14,9,14,8,14,7,14,6,14,5,14,4,14,4,15,5,15,6,15,7,15,8,15,9,15,10,15,11,15,12,15,13,15,13,16,snk2,right,12,3,10,14,9,14,8,14,7,14,6,14,5,14,4,14,4,15,5,15,6,15,7,15,8,15,9,15,10,15,11,15,12,15,13,15,13,16
snk1,right,12,3,11,14,10,14,9,14,8,14,7,14,6,14,5,14,4,14,4,15,5,15,6,15,7,15,8,15,9,15,10,15,11,15,12,15,13,15,snk2,right,12,3,11,14,10,14,9,14,8,14,7,14,6,14,5,14,4,14,4,15,5,15,6,15,7,15,8,15,9,15,10,15,11,15,12,15,13,15
snk1,right,12,3,12,14,11,14,10,14,9,14,8,14,7,14,6,14,5,14,4,14,4,15,5,15,6,15,7,15,8,15,9,15,10,15,11,15,12,15,snk2,right,12,3,12,14,11,14,10,14,9,14,8,14,7,14,6,14,5,14,4,14,4,15,5,15,6,15,7,15,8,15,9,15,10,15,11,15,12,15
snk1,up,12,3,12,13,12,14,11,14,10,14,9,14,8,14,7,14,6,14,5,14,4,14,4,15,5,15,6,15,7,15,8,15,9,15,10,15,11,15,snk2,right,12,3,12,13,12,14,11,14,10,14,9,14,8,14,7,14,6,14,5,14,4,14,4,15,5,15,6,15,7,15,8,15,9,15,10,15,11,15
snk1,up,12,3,12,12,12,13,12,14,11,14,10,14,9,14,8,14,7,14,6,14,5,14,4,14,4,15,5,15,6,15,7,15,8,15,9,15,10,15,snk2,up,12,3,12,12,12,13,12,14,11,14,10,14,9,14,8,14,7,14,6,14,5,14,4,14,4,15,5,15,6,15,7,15,8,15,9,15,10,15
snk1,up,12,3,12,11,12,12,12,13,12,14,11,14,10,14,9,14,8,14,7,14,6,14,5,14,4,14,4,15,5,15,6,15,7,15,8,15,9,15,snk2,up,12,3,12,11,12,12,12,13,12,14,11,14,10,14,9,14,8,14,7,14,6,14,5,14,4,14,4,15,5,15,6,15,7,15,8,15,9,15
snk1,up,12,3,12,10,12,11,12,12,12,13,12,14,11,14,10,14,9,14,8,14,7,14,6,14,5,14,4,14,4,15,5,15,6,15,7,15,8,15,snk2,up,12,3,12,10,12,11,12,12,12,13,12,14,11,14,10,14,9,14,8,14,7,14,6,14,5,14,4,14,4,15,5,15,6,15,7,15,8,15
snk1,up,12,3,12,9,12,10,12,11,12,12,12,13,12,14,11,14,10,14,9,14,8,14,7,14,6,14,5,14,4,14,4,15,5,15,6,15,7,15,snk2,up,12,3,12,9,12,10,12,11,12,12,12,13,12,14,11,14,10,14,9,14,8,14,7,14,6,14,5,14,4,14,4,15,5,15,6,15,7,15
snk1,up,12,3,12,8,12,9,12,10,12,11,12,12,12,13,12,14,11,14,10,14,9,14,8,14,7,14,6,14,5,14,4,14,4,15,5,15,6,15,snk2,up,12,3,12,8,12,9,12,10,12,11,12,12,12,13,12,14,11,14,10,14,9,14,8,14,7,14,6,14,5,14,4,14,4,15,5,15,6,15
snk1,up,12,3,12,7,12,8,12,9,12,10,12,11,12,12,12,13,12,14,11,14,10,14,9,14,8,14,7,14,6,14,5,14,4,14,4,15,5,15,snk2,up,12,3,12,7,12,8,12,9,12,10,12,11,12,12,12,13,12,14,11,14,10,14,9,14,8,14,7,14,6,14,5,14,4,14,4,15,5,15
snk1,up,12,3,12,6,12,7,12,8,12,9,12,10,12,11,12,12,12,13,12,14,11,14,10,14,9,14,8,14,7,14,6,14,5,14,4,14,4,15,snk2,up,12,3,12,6,12,7,12,8,12,9,12,10,12,11,12,12,12,13,12,14,11,14,10,14,9,14,8,14,7,14,6,14,5,14,4,14,4,15
snk1,up,12,3,12,5,12,6,12,7,12,8,12,9,12,10,12,11,12,12,12,13,12,14,11,14,10,14,9,14,8,14,7,14,6,14,5,14,4,14,snk2,up,12,3,12,5,12,6,12,7,12,8,12,9,12,10,12,11,12,12,12,13,12,14,11,14,10,14,9,14,8,14,7,14,6,14,5,14,4,14
snk1,up,12,3,12,4,12,5,12,6,12,7,12,8,12,9,12,10,12,11,12,12,12,13,12,14,11,14,10,14,9,14,8,14,7,14,6,14,5,14,snk2,up,12,3,12,4,12,5,12,6,12,7,12,8,12,9,12,10,12,11,12,12,12,13,12,14,11,14,10,14,9,14,8,14,7,14,6,14,5,14
snk1,up,3,11,12,3,12,4,12,5,12,6,12,7,12,8,12,9,12,10,12,11,12,12,12,13,12,14,11,14,10,14,9,14,8,14,7,14,6,14,snk2,up,3,11,12,3,12,4,12,5,12,6,12,7,12,8,12,9,12,10,12,11,12,12,12,13,12,14,11,14,10,14,9,14,8,14,7,14,6,14
snk1,left,3,11,11,3,12,3,12,4,12,5,12,6,12,7,12,8,12,9,12,10,12,11,12,12,12,13,12,14,11,14,10,14,9,14,8,14,7,14,6,14,snk2,up,3,11,11,3,12,3,12,4,12,5,12,6,12,7,12,8,12,9,12,10,12,11,12,12,12,13,12,14,11,14,10,14,9,14,8,14,7,14,6,14
snk1,left,3,11,10,3,11,3,12,3,12,4,12,5,12,6,12,7,12,8,12,9,12,10,12,11,12,12,12,13,12,14,11,14,10,14,9,14,8,14,7,14,snk2,left,3,11,10,3,11,3,12,3,12,4,12,5,12,6,12,7,12,8,12,9,12,10,12,11,12,12,12,13,12,14,11,14,10,14,9,14,8,14,7,14
snk1,left,3,11,9,3,10,3,11,3,12,3,12,4,12,5,12,6,12,7,12,8,12,9,12,10,12,11,12,12,12,13,12,14,11,14,10,14,9,14,8,14,snk2,left,3,11,9,3,10,3,11,3,12,3,12,4,12,5,12,6,12,7,12,8,12,9,12,10,12,11,12,12,12,13,12,14,11,14,10,14,9,14,8,14
snk1,left,3,11,8,3,9,3,10,3,11,3,12,3,12,4,12,5,12,6,12,7,12,8,12,9,12,10,12,11,12,12,12,13,12,14,11,14,10,14,9,14,snk2,left,3,11,8,3,9,3,10,3,11,3,12,3,12,4,12,5,12,6,12,7,12,8,12,9,12,10,12,11,12,12,12,13,12,14,11,14,10,14,9,14
snk1,left,3,11,7,3,8,3,9,3,10,3,11,3,12,3,12,4,12,5,12,6,12,7,12,8,12,9,12,10,12,11,12,12,12,13,12,14,11,14,10,14,snk2,left,3,11,7,3,8,3,9,3,10,3,11,3,12,3,12,4,12,5,12,6,12,7,12,8,12,9,12,10,12,11,12,12,12,13,12,14,11,14,10,14
snk1,left,3,11,6,3,7,3,8,3,9,3,10,3,11,3,12,3,12,4,12,5,12,6,12,7,12,8,12,9,12,10,12,11,12,12,12,13,12,14,11,14,snk2,left,3,11,6,3,7,3,8,3,9,3,10,3,11,3,12,3,12,4,12,5,12,6,12,7,12,8,12,9,12,10,12,11,12,12,12,13,12,14,11,14
snk1,left,3,11,5,3,6,3,7,3,8,3,9,3,10,3,11,3,12,3,12,4,12,5,12,6,12,7,12,8,12,9,12,10,12,11,12,12,12,13,12,14,snk2,left,3,11,5,3,6,3,7,3,8,3,9,3,10,3,11,3,12,3,12,4,12,5,12,6,12,7,12,8,12,9,12,10,12,11,12,12,12,13,12,14
snk1,left,3,11,4,3,5,3,6,3,7,3,8,3,9,3,10,3,11,3,12,3,12,4,12,5,12,6,12,7,12,8,12,9,12,10,12,11,12,12,12,13,snk2,left,3,11,4,3,5,3,6,3,7,3,8,3,9,3,10,3,11,3,12,3,12,4,12,5,12,6,12,7,12,8,12,9,12,10,12,11,12,12,12,13
snk1,left,3,11,3,3,4,3,5,3,6,3,7,3,8,3,9,3,10,3,11,3,12,3,12,4,12,5,12,6,12,7,12,8,12,9,12,10,12,11,12,12,snk2,left,3,11,3,3,4,3,5,3,6,3,7,3,8,3,9,3,10,3,11,3,12,3,12,4,12,5,12,6,12,7,12,8,12,9,12,10,12,11,12,12
snk1,down,3,11,3,4,3,3,4,3,5,3,6,3,7,3,8,3,9,3,10,3,11,3,12,3,12,4,12,5,12,6,12,7,12,8,12,9,12,10,12,11,snk2,left,3,11,3,4,3,3,4,3,5,3,6,3,7,3,8,3,9,3,10,3,11,3,12,3,12,4,12,5,12,6,12,7,12,8,12,9,12,10,12,11
snk1,down,3,11,3,5,3,4,3,3,4,3,5,3,6,3,7,3,8,3,9,3,10,3,11,3,12,3,12,4,12,5,12,6,12,7,12,8,12,9,12,10,snk2,down,3,11,3,5,3,4,3,3,4,3,5,3,6,3,7,3,8,3,9,3,10,3,11,3,12,3,12,4,12,5,12,6,12,7,12,8,12,9,12,10
snk1,down,3,11,3,6,3,5,3,4,3,3,4,3,5,3,6,3,7,3,8,3,9,3,10,3,11,3,12,3,12,4,12,5,12,6,12,7,12,8,12,9,snk2,down,3,11,3,6,3,5,3,4,3,3,4,3,5,3,6,3,7,3,8,3,9,3,10,3,11,3,12,3,12,4,12,5,12,6,12,7,12,8,12,9
snk1,down,3,11,3,7,3,6,3,5,3,4,3,3,4,3,5,3,6,3,7,3,8,3,9,3,10,3,11,3,12,3,12,4,12,5,12,6,12,7,12,8,snk2,down,3,11,3,7,3,6,3,5,3,4,3,3,4,3,5,3,6,3,7,3,8,3,9,3,10,3,11,3,12,3,12,4,12,5,12,6,12,7,12,8
snk1,down,3,11,3,8,3,7,3,6,3,5,3,4,3,3,4,3,5,3,6,3,7,3,8,3,9,3,10,3,11,3,12,3,12,4,12,5,12,6,12,7,snk2,down,3,11,3,8,3,7,3,6,3,5,3,4,3,3,4,3,5,3,6,3,7,3,8,3,9,3,10,3,11,3,12,3,12,4,12,5,12,6,12,7
snk1,down,3,11,3,9,3,8,3,7,3,6,3,5,3,4,3,3,4,3,5,3,6,3,7,3,8,3,9,3,10,3,11,3,12,3,12,4,12,5,12,6,snk2,down,3,11,3,9,3,8,3,7,3,6,3,5,3,4,3,3,4,3,5,3,6,3,7,3,8,3,9,3,10,3,11,3,12,3,12,4,12,5,12,6
snk1,down,3,11,3,10,3,9,3,8,3,7,3,6,3,5,3,4,3,3,4,3,5,3,6,3,7,3,8,3,9,3,10,3,11,3,12,3,12,4,12,5,snk2,down,3,11,3,10,3,9,3,8,3,7,3,6,3,5,3,4,3,3,4,3,5,3,6,3,7,3,8,3,9,3,10,3,11,3,12,3,12,4,12,5
snk1,down,6,6,3,11,3,10,3,9,3,8,3,7,3,6,3,5,3,4,3,3,4,3,5,3,6,3,7,3,8,3,9,3,10,3,11,3,12,3,12,4,snk2,down,6,6,3,11,3,10,3,9,3,8,3,7,3,6,3,5,3,4,3,3,4,3,5,3,6,3,7,3,8,3,9,3,10,3,11,3,12,3,12,4
snk1,right,6,6,4,11,3,11,3,10,3,9,3,8,3,7,3,6,3,5,3,4,3,3,4,3,5,3,6,3,7,3,8,3,9,3,10,3,11,3,12,3,12,4,snk2,down,6,6,4,11,3,11,3,10,3,9,3,8,3,7,3,6,3,5,3,4,3,3,4,3,5,3,6,3,7,3,8,3,9,3,10,3,11,3,12,3,12,4
snk1,right,6,6,5,11,4,11,3,11,3,10,3,9,3,8,3,7,3,6,3,5,3,4,3,3,4,3,5,3,6,3,7,3,8,3,9,3,10,3,11,3,12,3,snk2,right,6,6,5,11,4,11,3,11,3,10,3,9,3,8,3,7,3,6,3,5,3,4,3,3,4,3,5,3,6,3,7,3,8,3,9,3,10,3,11,3,12,3
snk1,right,6,6,6,11,5,11,4,11,3,11,3,10,3,9,3,8,3,7,3,6,3,5,3,4,3,3,4,3,5,3,6,3,7,3,8,3,9,3,10,3,11,3,snk2,right,6,6,6,11,5,11,4,11,3,11,3,10,3,9,3,8,3,7,3,6,3,5,3,4,3,3,4,3,5,3,6,3,7,3,8,3,9,3,10,3,11,3
snk1,up,6,6,6,10,6,11,5,11,4,11,3,11,3,10,3,9,3,8,3,7,3,6,3,5,3,4,3,3,4,3,5,3,6,3,7,3,8,3,9,3,10,3,snk2,right,6,6,6,10,6,11,5,11,4,11,3,11,3,10,3,9,3,8,3,7,3,6,3,5,3,4,3,3,4,3,5,3,6,3,7,3,8,3,9,3,10,3
snk1,up,6,6,6,9,6,10,6,11,5,11,4,11,3,11,3,10,3,9,3,8,3,7,3,6,3,5,3,4,3,3,4,3,5,3,6,3,7,3,8,3,9,3,snk2,up,6,6,6,9,6,10,6,11,5,11,4,11,3,11,3,10,3,9,3,8,3,7,3,6,3,5,3,4,3,3,4,3,5,3,6,3,7,3,8,3,9,3
snk1,up,6,6,6,8,6,9,6,10,6,11,5,11,4,11,3,11,3,10,3,9,3,8,3,7,3,6,3,5,3,4,3,3,4,3,5,3,6,3,7,3,8,3,snk2,up,6,6,6,8,6,9,6,10,6,11,5,11,4,11,3,11,3,10,3,9,3,8,3,7,3,6,3,5,3,4,3,3,4,3,5,3,6,3,7,3,8,3
snk1,up,6,6,6,7,6,8,6,9,6,10,6,11,5,11,4,11,3,11,3,10,3,9,3,8,3,7,3,6,3,5,3,4,3,3,4,3,5,3,6,3,7,3,snk2,up,6,6,6,7,6,8,6,9,6,10,6,11,5,11,4,11,3,11,3,10,3,9,3,8,3,7,3,6,3,5,3,4,3,3,4,3,5,3,6,3,7,3
snk1,up,10,15,6,6,6,7,6,8,6,9,6,10,6,11,5,11,4,11,3,11,3,10,3,9,3,8,3,7,3,6,3,5,3,4,3,3,4,3,5,3,6,3,snk2,up,10,15,6,6,6,7,6,8,6,9,6,10,6,11,5,11,4,11,3,11,3,10,3,9,3,8,3,7,3,6,3,5,3,4,3,3,4,3,5,3,6,3
snk1,right,10,15,7,6,6,6,6,7,6,8,6,9,6,10,6,11,5,11,4,11,3,11,3,10,3,9,3,8,3,7,3,6,3,5,3,4,3,3,4,3,5,3,6,3,snk2,up,10,15,7,6,6,6,6,7,6,8,6,9,6,10,6,11,5,11,4,11,3,11,3,10,3,9,3,8,3,7,3,6,3,5,3,4,3,3,4,3,5,3,6,3
snk1,down,10,15,7,7,7,6,6,6,6,7,6,8,6,9,6,10,6,11,5,11,4,11,3,11,3,10,3,9,3,8,3,7,3,6,3,5,3,4,3,3,4,3,5,3,snk2,right,10,15,7,7,7,6,6,6,6,7,6,8,6,9,6,10,6,11,5,11,4,11,3,11,3,10,3,9,3,8,3,7,3,6,3,5,3,4,3,3,4,3,5,3
snk1,down,10,15,7,8,7,7,7,6,6,6,6,7,6,8,6,9,6,10,6,11,5,11,4,11,3,11,3,10,3,9,3,8,3,7,3,6,3,5,3,4,3,3,4,3,snk2,down,10,15,7,8,7,7,7,6,6,6,6,7,6,8,6,9,6,10,6,11,5,11,4,11,3,11,3,10,3,9,3,8,3,7,3,6,3,5,3,4,3,3,4,3
snk1,down,10,15,7,9,7,8,7,7,7,6,6,6,6,7,6,8,6,9,6,10,6,11,5,11,4,11,3,11,3,10,3,9,3,8,3,7,3,6,3,5,3,4,3,3,snk2,down,10,15,7,9,7,8,7,7,7,6,6,6,6,7,6,8,6,9,6,10,6,11,5,11,4,11,3,11,3,10,3,9,3,8,3,7,3,6,3,5,3,4,3,3
snk1,down,10,15,7,10,7,9,7,8,7,7,7,6,6,6,6,7,6,8,6,9,6,10,6,11,5,11,4,11,3,11,3,10,3,9,3,8,3,7,3,6,3,5,3,4,snk2,down,10,15,7,10,7,9,7,8,7,7,7,6,6,6,6,7,6,8,6,9,6,10,6,11,5,11,4,11,3,11,3,10,3,9,3,8,3,7,3,6,3,5,3,4
snk1,down,10,15,7,11,7,10,7,9,7,8,7,7,7,6,6,6,6,7,6,8,6,9,6,10,6,11,5,11,4,11,3,11,3,10,3,9,3,8,3,7,3,6,3,5,snk2,down,10,15,7,11,7,10,7,9,7,8,7,7,7,6,6,6,6,7,6,8,6,9,6,10,6,11,5,11,4,11,3,11,3,10,3,9,3,8,3,7,3,6,3,5
snk1,down,10,15,7,12,7,11,7,10,7,9,7,8,7,7,7,6,6,6,6,7,6,8,6,9,6,10,6,11,5,11,4,11,3,11,3,10,3,9,3,8,3,7,3,6,snk2,down,10,15,7,12,7,11,7,10,7,9,7,8,7,7,7,6,6,6,6,7,6,8,6,9,6,10,6,11,5,11,4,11,3,11,3,10,3,9,3,8,3,7,3,6
snk1,down,10,15,7,13,7,12,7,11,7,10,7,9,7,8,7,7,7,6,6,6,6,7,6,8,6,9,6,10,6,11,5,11,4,11,3,11,3,10,3,9,3,8,3,7,snk2,down,10,15,7,13,7,12,7,11,7,10,7,9,7,8,7,7,7,6,6,6,6,7,6,8,6,9,6,10,6,11,5,11,4,11,3,11,3,10,3,9,3,8,3,7
snk1,down,10,15,7,14,7,13,7,12,7,11,7,10,7,9,7,8,7,7,7,6,6,6,6,7,6,8,6,9,6,10,6,11,5,11,4,11,3,11,3,10,3,9,3,8,snk2,down,10,15,7,14,7,13,7,12,7,11,7,10,7,9,7,8,7,7,7,6,6,6,6,7,6,8,6,9,6,10,6,11,5,11,4,11,3,11,3,10,3,9,3,8
snk1,down,10,15,7,15,7,14,7,13,7,12,7,11,7,10,7,9,7,8,7,7,7,6,6,6,6,7,6,8,6,9,6,10,6,11,5,11,4,11,3,11,3,10,3,9,snk2,down,10,15,7,15,7,14,7,13,7,12,7,11,7,10,7,9,7,8,7,7,7,6,6,6,6,7,6,8,6,9,6,10,6,11,5,11,4,11,3,11,3,10,3,9
snk1,right,10,15,8,15,7,15,7,14,7,13,7,12,7,11,7,10,7,9,7,8,7,7,7,6,6,6,6,7,6,8,6,9,6,10,6,11,5,11,4,11,3,11,3,10,snk2,down,10,15,8,15,7,15,7,14,7,13,7,12,7,11,7,10,7,9,7,8,7,7,7,6,6,6,6,7,6,8,6,9,6,10,6,11,5,11,4,11,3,11,3,10
snk1,right,10,15,9,15,8,15,7,15,7,14,7,13,7,12,7,11,7,10,7,9,7,8,7,7,7,6,6,6,6,7,6,8,6,9,6,10,6,11,5,11,4,11,3,11,snk2,right,10,15,9,15,8,15,7,15,7,14,7,13,7,12,7,11,7,10,7,9,7,8,7,7,7,6,6,6,6,7,6,8,6,9,6,10,6,11,5,11,4,11,3,11
snk1,right,12,5,10,15,9,15,8,15,7,15,7,14,7,13,7,12,7,11,7,10,7,9,7,8,7,7,7,6,6,6,6,7,6,8,6,9,6,10,6,11,5,11,4,11,snk2,right,12,5,10,15,9,15,8,15,7,15,7,14,7,13,7,12,7,11,7,10,7,9,7,8,7,7,7,6,6,6,6,7,6,8,6,9,6,10,6,11,5,11,4,11
snk1,right,12,5,11,15,10,15,9,15,8,15,7,15,7,14,7,13,7,12,7,11,7,10,7,9,7,8,7,7,7,6,6,6,6,7,6,8,6,9,6,10,6,11,5,11,4,11,snk2,right,12,5,11,15,10,15,9,15,8,15,7,15,7,14,7,13,7,12,7,11,7,10,7,9,7,8,7,7,7,6,6,6,6,7,6,8,6,9,6,10,6,11,5,11,4,11
snk1,right,12,5,12,15,11,15,10,15,9,15,8,15,7,15,7,14,7,13,7,12,7,11,7,10,7,9,7,8,7,7,7,6,6,6,6,7,6,8,6,9,6,10,6,11,5,11,snk2,right,12,5,12,15,11,15,10,15,9,15,8,15,7,15,7,14,7,13,7,12,7,11,7,10,7,9,7,8,7,7,7,6,6,6,6,7,6,8,6,9,6,10,6,11,5,11
snk1,up,12,5,12,14,12,15,11,15,10,15,9,15,8,15,7,15,7,14,7,13,7,12,7,11,7,10,7,9,7,8,7,7,7,6,6,6,6,7,6,8,6,9,6,10,6,11,snk2,right,12,5,12,14,12,15,11,15,10,15,9,15,8,15,7,15,7,14,7,13,7,12,7,11,7,10,7,9,7,8,7,7,7,6,6,6,6,7,6,8,6,9,6,10,6,11
snk1,up,12,5,12,13,12,14,12,15,11,15,10,15,9,15,8,15,7,15,7,14,7,13,7,12,7,11,7,10,7,9,7,8,7,7,7,6,6,6,6,7,6,8,6,9,6,10,snk2,up,12,5,12,13,12,14,12,15,11,15,10,15,9,15,8,15,7,15,7,14,7,13,7,12,7,11,7,10,7,9,7,8,7,7,7,6,6,6,6,7,6,8,6,9,6,10
snk1,up,12,5,12,12,12,13,12,14,12,15,11,15,10,15,9,15,8,15,7,15,7,14,7,13,7,12,7,11,7,10,7,9,7,8,7,7,7,6,6,6,6,7,6,8,6,9,snk2,up,12,5,12,12,12,13,12,14,12,15,11,15,10,15,9,15,8,15,7,15,7,14,7,13,7,12,7,11,7,10,7,9,7,8,7,7,7,6,6,6,6,7,6,8,6,9
snk1,up,12,5,12,11,12,12,12,13,12,14,12,15,11,15,10,15,9,15,8,15,7,15,7,14,7,13,7,12,7,11,7,10,7,9,7,8,7,7,7,6,6,6,6,7,6,8,snk2,up,12,5,12,11,12,12,12,13,12,14,12,15,11,15,10,15,9,15,8,15,7,15,7,14,7,13,7,12,7,11,7,10,7,9,7,8,7,7,7,6,6,6,6,7,6,8
snk1,up,12,5,12,10,12,11,12,12,12,13,12,14,12,15,11,15,10,15,9,15,8,15,7,15,7,14,7,13,7,12,7,11,7,10,7,9,7,8,7,7,7,6,6,6,6,7,snk2,up,12,5,12,10,12,11,12,12,12,13,12,14,12,15,11,15,10,15,9,15,8,15,7,15,7,14,7,13,7,12,7,11,7,10,7,9,7,8,7,7,7,6,6,6,6,7
snk1,up,12,5,12,9,12,10,12,11,12,12,12,13,12,14,12,15,11,15,10,15,9,15,8,15,7,15,7,14,7,13,7,12,7,11,7,10,7,9,7,8,7,7,7,6,6,6,snk2,up,12,5,12,9,12,10,12,11,12,12,12,13,12,14,12,15,11,15,10,15,9,15,8,15,7,15,7,14,7,13,7,12,7,11,7,10,7,9,7,8,7,7,7,6,6,6
snk1,up,12,5,12,8,12,9,12,10,12,11,12,12,12,13,12,14,12,15,11,15,10,15,9,15,8,15,7,15,7,14,7,13,7,12,7,11,7,10,7,9,7,8,7,7,7,6,snk2,up,12,5,12,8,12,9,12,10,12,11,12,12,12,13,12,14,12,15,11,15,10,15,9,15,8,15,7,15,7,14,7,13,7,12,7,11,7,10,7,9,7,8,7,7,7,6
snk1,up,12,5,12,7,12,8,12,9,12,10,12,11,12,12,12,13,12,14,12,15,11,15,10,15,9,15,8,15,7,15,7,14,7,13,7,12,7,11,7,10,7,9,7,8,7,7,snk2,up,12,5,12,7,12,8,12,9,12,10,12,11,12,12,12,13,12,14,12,15,11,15,10,15,9,15,8,15,7,15,7,14,7,13,7,12,7,11,7,10,7,9,7,8,7,7
snk1,up,12,5,12,6,12,7,12,8,12,9,12,10,12,11,12,12,12,13,12,14,12,15,11,15,10,15,9,15,8,15,7,15,7,14,7,13,7,12,7,11,7,10,7,9,7,8,snk2,up,12,5,12,6,12,7,12,8,12,9,12,10,12,11,12,12,12,13,12,14,12,15,11,15,10,15,9,15,8,15,7,15,7,14,7,13,7,12,7,11,7,10,7,9,7,8
snk1,up,6,12,12,5,12,6,12,7,12,8,12,9,12,10,12,11,12,12,12,13,12,14,12,15,11,15,10,15,9,15,8,15,7,15,7,14,7,13,7,12,7,11,7,10,7,9,snk2,up,6,12,12,5,12,6,12,7,12,8,12,9,12,10,12,11,12,12,12,13,12,14,12,15,11,15,10,15,9,15,8,15,7,15,7,14,7,13,7,12,7,11,7,10,7,9
snk1,left,6,12,11,5,12,5,12,6,12,7,12,8,12,9,12,10,12,11,12,12,12,13,12,14,12,15,11,15,10,15,9,15,8,15,7,15,7,14,7,13,7,12,7,11,7,10,7,9,snk2,up,6,12,11,5,12,5,12,6,12,7,12,8,12,9,12,10,12,11,12,12,12,13,12,14,12,15,11,15,10,15,9,15,8,15,7,15,7,14,7,13,7,12,7,11,7,10,7,9
snk1,left,6,12,10,5,11,5,12,5,12,6,12,7,12,8,12,9,12,10,12,11,12,12,12,13,12,14,12,15,11,15,10,15,9,15,8,15,7,15,7,14,7,13,7,12,7,11,7,10,snk2,left,6,12,10,5,11,5,12,5,12,6,12,7,12,8,12,9,12,10,12,11,12,12,12,13,12,14,12,15,11,15,10,15,9,15,8,15,7,15,7,14,7,13,7,12,7,11,7,10
snk1,left,6,12,9,5,10,5,11,5,12,5,12,6,12,7,12,8,12,9,12,10,12,11,12,12,12,13,12,14,12,15,11,15,10,15,9,15,8,15,7,15,7,14,7,13,7,12,7,11,snk2,left,6,12,9,5,10,5,11,5,12,5,12,6,12,7,12,8,12,9,12,10,12,11,12,12,12,13,12,14,12,15,11,15,10,15,9,15,8,15,7,15,7,14,7,13,7,12,7,11
snk1,left,6,12,8,5,9,5,10,5,11,5,12,5,12,6,12,7,12,8,12,9,12,10,12,11,12,12,12,13,12,14,12,15,11,15,10,15,9,15,8,15,7,15,7,14,7,13,7,12,snk2,left,6,12,8,5,9,5,10,5,11,5,12,5,12,6,12,7,12,8,12,9,12,10,12,11,12,12,12,13,12,14,12,15,11,15,10,15,9,15,8,15,7,15,7,14,7,13,7,12
snk1,left,6,12,7,5,8,5,9,5,10,5,11,5,12,5,12,6,12,7,12,8,12,9,12,10,12,11,12,12,12,13,12,14,12,15,11,15,10,15,9,15,8,15,7,15,7,14,7,13,snk2,left,6,12,7,5,8,5,9,5,10,5,11,5,12,5,12,6,12,7,12,8,12,9,12,10,12,11,12,12,12,13,12,14,12,15,11,15,10,15,9,15,8,15,7,15,7,14,7,13
snk1,left,6,12,6,5,7,5,8,5,9,5,10,5,11,5,12,5,12,6,12,7,12,8,12,9,12,10,12,11,12,12,12,13,12,14,12,15,11,15,10,15,9,15,8,15,7,15,7,14,snk2,left,6,12,6,5,7,5,8,5,9,5,10,5,11,5,12,5,12,6,12,7,12,8,12,9,12,10,12,11,12,12,12,13,12,14,12,15,11,15,10,15,9,15,8,15,7,15,7,14
snk1,down,6,12,6,6,6,5,7,5,8,5,9,5,10,5,11,5,12,5,12,6,12,7,12,8,12,9,12,10,12,11,12,12,12,13,12,14,12,15,11,15,10,15,9,15,8,15,7,15,snk2,left,6,12,6,6,6,5,7,5,8,5,9,5,10,5,11,5,12,5,12,6,12,7,12,8,12,9,12,10,12,11,12,12,12,13,12,14,12,15,11,15,10,15,9,15,8,15,7,15
snk1,down,6,12,6,7,6,6,6,5,7,5,8,5,9,5,10,5,11,5,12,5,12,6,12,7,12,8,12,9,12,10,12,11,12,12,12,13,12,14,12,15,11,15,10,15,9,15,8,15,snk2,down,6,12,6,7,6,6,6,5,7,5,8,5,9,5,10,5,11,5,12,5,12,6,12,7,12,8,12,9,12,10,12,11,12,12,12,13,12,14,12,15,11,15,10,15,9,15,8,15
snk1,down,6,12,6,8,6,7,6,6,6,5,7,5,8,5,9,5,10,5,11,5,12,5,12,6,12,7,12,8,12,9,12,10,12,11,12,12,12,13,12,14,12,15,11,15,10,15,9,15,snk2,down,6,12,6,8,6,7,6,6,6,5,7,5,8,5,9,5,10,5,11,5,12,5,12,6,12,7,12,8,12,9,12,10,12,11,12,12,12,13,12,14,12,15,11,15,10,15,9,15
snk1,down,6,12,6,9,6,8,6,7,6,6,6,5,7,5,8,5,9,5,10,5,11,5,12,5,12,6,12,7,12,8,12,9,12,10,12,11,12,12,12,13,12,14,12,15,11,15,10,15,snk2,down,6,12,6,9,6,8,6,7,6,6,6,5,7,5,8,5,9,5,10,5,11,5,12,5,12,6,12,7,12,8,12,9,12,10,12,11,12,12,12,13,12,14,12,15,11,15,10,15
snk1,down,6,12,6,10,6,9,6,8,6,7,6,6,6,5,7,5,8,5,9,5,10,5,11,5,12,5,12,6,12,7,12,8,12,9,12,10,12,11,12,12,12,13,12,14,12,15,11,15,snk2,down,6,12,6,10,6,9,6,8,6,7,6,6,6,5,7,5,8,5,9,5,10,5,11,5,12,5,12,6,12,7,12,8,12,9,12,10,12,11,12,12,12,13,12,14,12,15,11,15
snk1,down,6,12,6,11,6,10,6,9,6,8,6,7,6,6,6,5,7,5,8,5,9,5,10,5,11,5,12,5,12,6,12,7,12,8,12,9,12,10,12,11,12,12,12,13,12,14,12,15,snk2,down,6,12,6,11,6,10,6,9,6,8,6,7,6,6,6,5,7,5,8,5,9,5,10,5,11,5,12,5,12,6,12,7,12,8,12,9,12,10,12,11,12,12,12,13,12,14,12,15
snk1,down,11,3,6,12,6,11,6,10,6,9,6,8,6,7,6,6,6,5,7,5,8,5,9,5,10,5,11,5,12,5,12,6,12,7,12,8,12,9,12,10,12,11,12,12,12,13,12,14,snk2,down,11,3,6,12,6,11,6,10,6,9,6,8,6,7,6,6,6,5,7,5,8,5,9,5,10,5,11,5,12,5,12,6,12,7,12,8,12,9,12,10,12,11,12,12,12,13,12,14
snk1,right,11,3,7,12,6,12,6,11,6,10,6,9,6,8,6,7,6,6,6,5,7,5,8,5,9,5,10,5,11,5,12,5,12,6,12,7,12,8,12,9,12,10,12,11,12,12,12,13,12,14,snk2,down,11,3,7,12,6,12,6,11,6,10,6,9,6,8,6,7,6,6,6,5,7,5,8,5,9,5,10,5,11,5,12,5,12,6,12,7,12,8,12,9,12,10,12,11,12,12,12,13,12,14
snk1,right,11,3,8,12,7,12,6,12,6,11,6,10,6,9,6,8,6,7,6,6,6,5,7,5,8,5,9,5,10,5,11,5,12,5,12,6,12,7,12,8,12,9,12,10,12,11,12,12,12,13,snk2,right,11,3,8,12,7,12,6,12,6,11,6,10,6,9,6,8,6,7,6,6,6,5,7,5,8,5,9,5,10,5,11,5,12,5,12,6,12,7,12,8,12,9,12,10,12,11,12,12,12,13
snk1,right,11,3,9,12,8,12,7,12,6,12,6,11,6,10,6,9,6,8,6,7,6,6,6,5,7,5,8,5,9,5,10,5,11,5,12,5,12,6,12,7,12,8,12,9,12,10,12,11,12,12,snk2,right,11,3,9,12,8,12,7,12,6,12,6,11,6,10,6,9,6,8,6,7,6,6,6,5,7,5,8,5,9,5,10,5,11,5,12,5,12,6,12,7,12,8,12,9,12,10,12,11,12,12
snk1,right,11,3,10,12,9,12,8,12,7,12,6,12,6,11,6,10,6,9,6,8,6,7,6,6,6,5,7,5,8,5,9,5,10,5,11,5,12,5,12,6,12,7,12,8,12,9,12,10,12,11,snk2,right,11,3,10,12,9,12,8,12,7,12,6,12,6,11,6,10,6,9,6,8,6,7,6,6,6,5,7,5,8,5,9,5,10,5,11,5,12,5,12,6,12,7,12,8,12,9,12,10,12,11
snk1,right,11,3,11,12,10,12,9,12,8,12,7,12,6,12,6,11,6,10,6,9,6,8,6,7,6,6,6,5,7,5,8,5,9,5,10,5,11,5,12,5,12,6,12,7,12,8,12,9,12,10,snk2,right,11,3,11,12,10,12,9,12,8,12,7,12,6,12,6,11,6,10,6,9,6,8,6,7,6,6,6,5,7,5,8,5,9,5,10,5,11,5,12,5,12,6,12,7,12,8,12,9,12,10
snk1,up,11,3,11,11,11,12,10,12,9,12,8,12,7,12,6,12,6,11,6,10,6,9,6,8,6,7,6,6,6,5,7,5,8,5,9,5,10,5,11,5,12,5,12,6,12,7,12,8,12,9,snk2,right,11,3,11,11,11,12,10,12,9,12,8,12,7,12,6,12,6,11,6,10,6,9,6,8,6,7,6,6,6,5,7,5,8,5,9,5,10,5,11,5,12,5,12,6,12,7,12,8,12,9
snk1,up,11,3,11,10,11,11,11,12,10,12,9,12,8,12,7,12,6,12,6,11,6,10,6,9,6,8,6,7,6,6,6,5,7,5,8,5,9,5,10,5,11,5,12,5,12,6,12,7,12,8,snk2,up,11,3,11,10,11,11,11,12,10,12,9,12,8,12,7,12,6,12,6,11,6,10,6,9,6,8,6,7,6,6,6,5,7,5,8,5,9,5,10,5,11,5,12,5,12,6,12,7,12,8
snk1,up,11,3,11,9,11,10,11,11,11,12,10,12,9,12,8,12,7,12,6,12,6,11,6,10,6,9,6,8,6,7,6,6,6,5,7,5,8,5,9,5,10,5,11,5,12,5,12,6,12,7,snk2,up,11,3,11,9,11,10,11,11,11,12,10,12,9,12,8,12,7,12,6,12,6,11,6,10,6,9,6,8,6,7,6,6,6,5,7,5,8,5,9,5,10,5,11,5,12,5,12,6,12,7
snk1,up,11,3,11,8,11,9,11,10,11,11,11,12,10,12,9,12,8,12,7,12,6,12,6,11,6,10,6,9,6,8,6,7,6,6,6,5,7,5,8,5,9,5,10,5,11,5,12,5,12,6,snk2,up,11,3,11,8,11,9,11,10,11,11,11,12,10,12,9,12,8,12,7,12,6,12,6,11,6,10,6,9,6,8,6,7,6,6,6,5,7,5,8,5,9,5,10,5,11,5,12,5,12,6
snk1,up,11,3,11,7,11,8,11,9,11,10,11,11,11,12,10,12,9,12,8,12,7,12,6,12,6,11,6,10,6,9,6,8,6,7,6,6,6,5,7,5,8,5,9,5,10,5,11,5,12,5,snk2,up,11,3,11,7,11,8,11,9,11,10,11,11,11,12,10,12,9,12,8,12,7,12,6,12,6,11,6,10,6,9,6,8,6,7,6,6,6,5,7,5,8,5,9,5,10,5,11,5,12,5
snk1,up,11,3,11,6,11,7,11,8,11,9,11,10,11,11,11,12,10,12,9,12,8,12,7,12,6,12,6,11,6,10,6,9,6,8,6,7,6,6,6,5,7,5,8,5,9,5,10,5,11,5,snk2,up,11,3,11,6,11,7,11,8,11,9,11,10,11,11,11,12,10,12,9,12,8,12,7,12,6,12,6,11,6,10,6,9,6,8,6,7,6,6,6,5,7,5,8,5,9,5,10,5,11,5
snk1,right,11,3,12,6,11,6,11,7,11,8,11,9,11,10,11,11,11,12,10,12,9,12,8,12,7,12,6,12,6,11,6,10,6,9,6,8,6,7,6,6,6,5,7,5,8,5,9,5,10,5,snk2,up,11,3,12,6,11,6,11,7,11,8,11,9,11,10,11,11,11,12,10,12,9,12,8,12,7,12,6,12,6,11,6,10,6,9,6,8,6,7,6,6,6,5,7,5,8,5,9,5,10,5
snk1,up,11,3,12,5,12,6,11,6,11,7,11,8,11,9,11,10,11,11,11,12,10,12,9,12,8,12,7,12,6,12,6,11,6,10,6,9,6,8,6,7,6,6,6,5,7,5,8,5,9,5,snk2,right,11,3,12,5,12,6,11,6,11,7,11,8,11,9,11,10,11,11,11,12,10,12,9,12,8,12,7,12,6,12,6,11,6,10,6,9,6,8,6,7,6,6,6,5,7,5,8,5,9,5
snk1,left,11,3,11,5,12,5,12,6,11,6,11,7,11,8,11,9,11,10,11,11,11,12,10,12,9,12,8,12,7,12,6,12,6,11,6,10,6,9,6,8,6,7,6,6,6,5,7,5,8,5,snk2,up,11,3,11,5,12,5,12,6,11,6,11,7,11,8,11,9,11,10,11,11,11,12,10,12,9,12,8,12,7,12,6,12,6,11,6,10,6,9,6,8,6,7,6,6,6,5,7,5,8,5
snk1,up,11,3,11,4,11,5,12,5,12,6,11,6,11,7,11,8,11,9,11,10,11,11,11,12,10,12,9,12,8,12,7,12,6,12,6,11,6,10,6,9,6,8,6,7,6,6,6,5,7,5,snk2,left,11,3,11,4,11,5,12,5,12,6,11,6,11,7,11,8,11,9,11,10,11,11,11,12,10,12,9,12,8,12,7,12,6,12,6,11,6,10,6,9,6,8,6,7,6,6,6,5,7,5
snk1,up,4,13,11,3,11,4,11,5,12,5,12,6,11,6,11,7,11,8,11,9,11,10,11,11,11,12,10,12,9,12,8,12,7,12,6,12,6,11,6,10,6,9,6,8,6,7,6,6,6,5,snk2,up,4,13,11,3,11,4,11,5,12,5,12,6,11,6,11,7,11,8,11,9,11,10,11,11,11,12,10,12,9,12,8,12,7,12,6,12,6,11,6,10,6,9,6,8,6,7,6,6,6,5
snk1,left,4,13,10,3,11,3,11,4,11,5,12,5,12,6,11,6,11,7,11,8,11,9,11,10,11,11,11,12,10,12,9,12,8,12,7,12,6,12,6,11,6,10,6,9,6,8,6,7,6,6,6,5,snk2,up,4,13,10,3,11,3,11,4,11,5,12,5,12,6,11,6,11,7,11,8,11,9,11,10,11,11,11,12,10,12,9,12,8,12,7,12,6,12,6,11,6,10,6,9,6,8,6,7,6,6,6,5
snk1,left,4,13,9,3,10,3,11,3,11,4,11,5,12,5,12,6,11,6,11,7,11,8,11,9,11,10,11,11,11,12,10,12,9,12,8,12,7,12,6,12,6,11,6,10,6,9,6,8,6,7,6,6,snk2,left,4,13,9,3,10,3,11,3,11,4,11,5,12,5,12,6,11,6,11,7,11,8,11,9,11,10,11,11,11,12,10,12,9,12,8,12,7,12,6,12,6,11,6,10,6,9,6,8,6,7,6,6
snk1,left,4,13,8,3,9,3,10,3,11,3,11,4,11,5,12,5,12,6,11,6,11,7,11,8,11,9,11,10,11,11,11,12,10,12,9,12,8,12,7,12,6,12,6,11,6,10,6,9,6,8,6,7,snk2,left,4,13,8,3,9,3,10,3,11,3,11,4,11,5,12,5,12,6,11,6,11,7,11,8,11,9,11,10,11,11,11,12,10,12,9,12,8,12,7,12,6,12,6,11,6,10,6,9,6,8,6,7
snk1,left,4,13,7,3,8,3,9,3,10,3,11,3,11,4,11,5,12,5,12,6,11,6,11,7,11,8,11,9,11,10,11,11,11,12,10,12,9,12,8,12,7,12,6,12,6,11,6,10,6,9,6,8,snk2,left,4,13,7,3,8,3,9,3,10,3,11,3,11,4,11,5,12,5,12,6,11,6,11,7,11,8,11,9,11,10,11,11,11,12,10,12,9,12,8,12,7,12,6,12,6,11,6,10,6,9,6,8
snk1,left,4,13,6,3,7,3,8,3,9,3,10,3,11,3,11,4,11,5,12,5,12,6,11,6,11,7,11,8,11,9,11,10,11,11,11,12,10,12,9,12,8,12,7,12,6,12,6,11,6,10,6,9,snk2,left,4,13,6,3,7,3,8,3,9,3,10,3,11,3,11,4,11,5,12,5,12,6,11,6,11,7,11,8,11,9,11,10,11,11,11,12,10,12,9,12,8,12,7,12,6,12,6,11,6,10,6,9
snk1,left,4,13,5,3,6,3,7,3,8,3,9,3,10,3,11,3,11,4,11,5,12,5,12,6,11,6,11,7,11,8,11,9,11,10,11,11,11,12,10,12,9,12,8,12,7,12,6,12,6,11,6,10,snk2,left,4,13,5,3,6,3,7,3,8,3,9,3,10,3,11,3,11,4,11,5,12,5,12,6,11,6,11,7,11,8,11,9,11,10,11,11,11,12,10,12,9,12,8,12,7,12,6,12,6,11,6,10
snk1,left,4,13,4,3,5,3,6,3,7,3,8,3,9,3,10,3,11,3,11,4,11,5,12,5,12,6,11,6,11,7,11,8,11,9,11,10,11,11,11,12,10,12,9,12,8,12,7,12,6,12,6,11,snk2,left,4,13,4,3,5,3,6,3,7,3,8,3,9,3,10,3,11,3,11,4,11,5,12,5,12,6,11,6,11,7,11,8,11,9,11,10,11,11,11,12,10,12,9,12,8,12,7,12,6,12,6,11
snk1,down,4,13,4,4,4,3,5,3,6,3,7,3,8,3,9,3,10,3,11,3,11,4,11,5,12,5,12,6,11,6,11,7,11,8,11,9,11,10,11,11,11,12,10,12,9,12,8,12,7,12,6,12,snk2,left,4,13,4,4,4,3,5,3,6,3,7,3,8,3,9,3,10,3,11,3,11,4,11,5,12,5,12,6,11,6,11,7,11,8,11,9,11,10,11,11,11,12,10,12,9,12,8,12,7,12,6,12
snk1,down,4,13,4,5,4,4,4,3,5,3,6,3,7,3,8,3,9,3,10,3,11,3,11,4,11,5,12,5,12,6,11,6,11,7,11,8,11,9,11,10,11,11,11,12,10,12,9,12,8,12,7,12,snk2,down,4,13,4,5,4,4,4,3,5,3,6,3,7,3,8,3,9,3,10,3,11,3,11,4,11,5,12,5,12,6,11,6,11,7,11,8,11,9,11,10,11,11,11,12,10,12,9,12,8,12,7,12
snk1,down,4,13,4,6,4,5,4,4,4,3,5,3,6,3,7,3,8,3,9,3,10,3,11,3,11,4,11,5,12,5,12,6,11,6,11,7,11,8,11,9,11,10,11,11,11,12,10,12,9,12,8,12,snk2,down,4,13,4,6,4,5,4,4,4,3,5,3,6,3,7,3,8,3,9,3,10,3,11,3,11,4,11,5,12,5,12,6,11,6,11,7,11,8,11,9,11,10,11,11,11,12,10,12,9,12,8,12
snk1,down,4,13,4,7,4,6,4,5,4,4,4,3,5,3,6,3,7,3,8,3,9,3,10,3,11,3,11,4,11,5,12,5,12,6,11,6,11,7,11,8,11,9,11,10,11,11,11,12,10,12,9,12,snk2,down,4,13,4,7,4,6,4,5,4,4,4,3,5,3,6,3,7,3,8,3,9,3,10,3,11,3,11,4,11,5,12,5,12,6,11,6,11,7,11,8,11,9,11,10,11,11,11,12,10,12,9,12
snk1,down,4,13,4,8,4,7,4,6,4,5,4,4,4,3,5,3,6,3,7,3,8,3,9,3,10,3,11,3,11,4,11,5,12,5,12,6,11,6,11,7,11,8,11,9,11,10,11,11,11,12,10,12,snk2,down,4,13,4,8,4,7,4,6,4,5,4,4,4,3,5,3,6,3,7,3,8,3,9,3,10,3,11,3,11,4,11,5,12,5,12,6,11,6,11,7,11,8,11,9,11,10,11,11,11,12,10,12
snk1,down,4,13,4,9,4,8,4,7,4,6,4,5,4,4,4,3,5,3,6,3,7,3,8,3,9,3,10,3,11,3,11,4,11,5,12,5,12,6,11,6,11,7,11,8,11,9,11,10,11,11,11,12,snk2,down,4,13,4,9,4,8,4,7,4,6,4,5,4,4,4,3,5,3,6,3,7,3,8,3,9,3,10,3,11,3,11,4,11,5,12,5,12,6,11,6,11,7,11,8,11,9,11,10,11,11,11,12
snk1,down,4,13,4,10,4,9,4,8,4,7,4,6,4,5,4,4,4,3,5,3,6,3,7,3,8,3,9,3,10,3,11,3,11,4,11,5,12,5,12,6,11,6,11,7,11,8,11,9,11,10,11,11,snk2,down,4,13,4,10,4,9,4,8,4,7,4,6,4,5,4,4,4,3,5,3,6,3,7,3,8,3,9,3,10,3,11,3,11,4,11,5,12,5,12,6,11,6,11,7,11,8,11,9,11,10,11,11
snk1,down,4,13,4,11,4,10,4,9,4,8,4,7,4,6,4,5,4,4,4,3,5,3,6,3,7,3,8,3,9,3,10,3,11,3,11,4,11,5,12,5,12,6,11,6,11,7,11,8,11,9,11,10,snk2,down,4,13,4,11,4,10,4,9,4,8,4,7,4,6,4,5,4,4,4,3,5,3,6,3,7,3,8,3,9,3,10,3,11,3,11,4,11,5,12,5,12,6,11,6,11,7,11,8,11,9,11,10
snk1,down,4,13,4,12,4,11,4,10,4,9,4,8,4,7,4,6,4,5,4,4,4,3,5,3,6,3,7,3,8,3,9,3,10,3,11,3,11,4,11,5,12,5,12,6,11,6,11,7,11,8,11,9,snk2,down,4,13,4,12,4,11,4,10,4,9,4,8,4,7,4,6,4,5,4,4,4,3,5,3,6,3,7,3,8,3,9,3,10,3,11,3,11,4,11,5,12,5,12,6,11,6,11,7,11,8,11,9
snk1,down,13,10,4,13,4,12,4,11,4,10,4,9,4,8,4,7,4,6,4,5,4,4,4,3,5,3,6,3,7,3,8,3,9,3,10,3,11,3,11,4,11,5,12,5,12,6,11,6,11,7,11,8,snk2,down,13,10,4,13,4,12,4,11,4,10,4,9,4,8,4,7,4,6,4,5,4,4,4,3,5,3,6,3,7,3,8,3,9,3,10,3,11,3,11,4,11,5,12,5,12,6,11,6,11,7,11,8
snk1,right,13,10,5,13,4,13,4,12,4,11,4,10,4,9,4,8,4,7,4,6,4,5,4,4,4,3,5,3,6,3,7,3,8,3,9,3,10,3,11,3,11,4,11,5,12,5,12,6,11,6,11,7,11,8,snk2,down,13,10,5,13,4,13,4,12,4,11,4,10,4,9,4,8,4,7,4,6,4,5,4,4,4,3,5,3,6,3,7,3,8,3,9,3,10,3,11,3,11,4,11,5,12,5,12,6,11,6,11,7,11,8
snk1,right,13,10,6,13,5,13,4,13,4,12,4,11,4,10,4,9,4,8,4,7,4,6,4,5,4,4,4,3,5,3,6,3,7,3,8,3,9,3,10,3,11,3,11,4,11,5,12,5,12,6,11,6,11,7,snk2,right,13,10,6,13,5,13,4,13,4,12,4,11,4,10,4,9,4,8,4,7,4,6,4,5,4,4,4,3,5,3,6,3,7,3,8,3,9,3,10,3,11,3,11,4,11,5,12,5,12,6,11,6,11,7
snk1,right,13,10,7,13,6,13,5,13,4,13,4,12,4,11,4,10,4,9,4,8,4,7,4,6,4,5,4,4,4,3,5,3,6,3,7,3,8,3,9,3,10,3,11,3,11,4,11,5,12,5,12,6,11,6,snk2,right,13,10,7,13,6,13,5,13,4,13,4,12,4,11,4,10,4,9,4,8,4,7,4,6,4,5,4,4,4,3,5,3,6,3,7,3,8,3,9,3,10,3,11,3,11,4,11,5,12,5,12,6,11,6
snk1,right,13,10,8,13,7,13,6,13,5,13,4,13,4,12,4,11,4,10,4,9,4,8,4,7,4,6,4,5,4,4,4,3,5,3,6,3,7,3,8,3,9,3,10,3,11,3,11,4,11,5,12,5,12,6,snk2,right,13,10,8,13,7,13,6,13,5,13,4,13,4,12,4,11,4,10,4,9,4,8,4,7,4,6,4,5,4,4,4,3,5,3,6,3,7,3,8,3,9,3,10,3,11,3,11,4,11,5,12,5,12,6
snk1,right,13,10,9,13,8,13,7,13,6,13,5,13,4,13,4,12,4,11,4,10,4,9,4,8,4,7,4,6,4,5,4,4,4,3,5,3,6,3,7,3,8,3,9,3,10,3,11,3,11,4,11,5,12,5,snk2,right,13,10,9,13,8,13,7,13,6,13,5,13,4,13,4,12,4,11,4,10,4,9,4,8,4,7,4,6,4,5,4,4,4,3,5,3,6,3,7,3,8,3,9,3,10,3,11,3,11,4,11,5,12,5
snk1,right,13,10,10,13,9,13,8,13,7,13,6,13,5,13,4,13,4,12,4,11,4,10,4,9,4,8,4,7,4,6,4,5,4,4,4,3,5,3,6,3,7,3,8,3,9,3,10,3,11,3,11,4,11,5,snk2,right,13,10,10,13,9,13,8,13,7,13,6,13,5,13,4,13,4,12,4,11,4,10,4,9,4,8,4,7,4,6,4,5,4,4,4,3,5,3,6,3,7,3,8,3,9,3,10,3,11,3,11,4,11,5
snk1,right,13,10,11,13,10,13,9,13,8,13,7,13,6,13,5,13,4,13,4,12,4,11,4,10,4,9,4,8,4,7,4,6,4,5,4,4,4,3,5,3,6,3,7,3,8,3,9,3,10,3,11,3,11,4,snk2,right,13,10,11,13,10,13,9,13,8,13,7,13,6,13,5,13,4,13,4,12,4,11,4,10,4,9,4,8,4,7,4,6,4,5,4,4,4,3,5,3,6,3,7,3,8,3,9,3,10,3,11,3,11,4
snk1,right,13,10,12,13,11,13,10,13,9,13,8,13,7,13,6,13,5,13,4,13,4,12,4,11,4,10,4,9,4,8,4,7,4,6,4,5,4,4,4,3,5,3,6,3,7,3,8,3,9,3,10,3,11,3,snk2,right,13,10,12,13,11,13,10,13,9,13,8,13,7,13,6,13,5,13,4,13,4,12,4,11,4,10,4,9,4,8,4,7,4,6,4,5,4,4,4,3,5,3,6,3,7,3,8,3,9,3,10,3,11,3
snk1,right,13,10,13,13,12,13,11,13,10,13,9,13,8,13,7,13,6,13,5,13,4,13,4,12,4,11,4,10,4,9,4,8,4,7,4,6,4,5,4,4,4,3,5,3,6,3,7,3,8,3,9,3,10,3,snk2,right,13,10,13,13,12,13,11,13,10,13,9,13,8,13,7,13,6,13,5,13,4,13,4,12,4,11,4,10,4,9,4,8,4,7,4,6,4,5,4,4,4,3,5,3,6,3,7,3,8,3,9,3,10,3
snk1,up,13,10,13,12,13,13,12,13,11,13,10,13,9,13,8,13,7,13,6,13,5,13,4,13,4,12,4,11,4,10,4,9,4,8,4,7,4,6,4,5,4,4,4,3,5,3,6,3,7,3,8,3,9,3,snk2,right,13,10,13,12,13,13,12,13,11,13,10,13,9,13,8,13,7,13,6,13,5,13,4,13,4,12,4,11,4,10,4,9,4,8,4,7,4,6,4,5,4,4,4,3,5,3,6,3,7,3,8,3,9,3
snk1,up,13,10,13,11,13,12,13,13,12,13,11,13,10,13,9,13,8,13,7,13,6,13,5,13,4,13,4,12,4,11,4,10,4,9,4,8,4,7,4,6,4,5,4,4,4,3,5,3,6,3,7,3,8,3,snk2,up,13,10,13,11,13,12,13,13,12,13,11,13,10,13,9,13,8,13,7,13,6,13,5,13,4,13,4,12,4,11,4,10,4,9,4,8,4,7,4,6,4,5,4,4,4,3,5,3,6,3,7,3,8,3
snk1,up,7,18,13,10,13,11,13,12,13,13,12,13,11,13,10,13,9,13,8,13,7,13,6,13,5,13,4,13,4,12,4,11,4,10,4,9,4,8,4,7,4,6,4,5,4,4,4,3,5,3,6,3,7,3,snk2,up,7,18,13,10,13,11,13,12,13,13,12,13,11,13,10,13,9,13,8,13,7,13,6,13,5,13,4,13,4,12,4,11,4,10,4,9,4,8,4,7,4,6,4,5,4,4,4,3,5,3,6,3,7,3
snk1,left,7,18,12,10,13,10,13,11,13,12,13,13,12,13,11,13,10,13,9,13,8,13,7,13,6,13,5,13,4,13,4,12,4,11,4,10,4,9,4,8,4,7,4,6,4,5,4,4,4,3,5,3,6,3,7,3,snk2,up,7,18,12,10,13,10,13,11,13,12,13,13,12,13,11,13,10,13,9,13,8,13,7,13,6,13,5,13,4,13,4,12,4,11,4,10,4,9,4,8,4,7,4,6,4,5,4,4,4,3,5,3,6,3,7,3
snk1,left,7,18,11,10,12,10,13,10,13,11,13,12,13,13,12,13,11,13,10,13,9,13,8,13,7,13,6,13,5,13,4,13,4,12,4,11,4,10,4,9,4,8,4,7,4,6,4,5,4,4,4,3,5,3,6,3,snk2,left,7,18,11,10,12,10,13,10,13,11,13,12,13,13,12,13,11,13,10,13,9,13,8,13,7,13,6,13,5,13,4,13,4,12,4,11,4,10,4,9,4,8,4,7,4,6,4,5,4,4,4,3,5,3,6,3
snk1,left,7,18,10,10,11,10,12,10,13,10,13,11,13,12,13,13,12,13,11,13,10,13,9,13,8,13,7,13,6,13,5,13,4,13,4,12,4,11,4,10,4,9,4,8,4,7,4,6,4,5,4,4,4,3,5,3,snk2,left,7,18,10,10,11,10,12,10,13,10,13,11,13,12,13,13,12,13,11,13,10,13,9,13,8,13,7,13,6,13,5,13,4,13,4,12,4,11,4,10,4,9,4,8,4,7,4,6,4,5,4,4,4,3,5,3
snk1,left,7,18,9,10,10,10,11,10,12,10,13,10,13,11,13,12,13,13,12,13,11,13,10,13,9,13,8,13,7,13,6,13,5,13,4,13,4,12,4,11,4,10,4,9,4,8,4,7,4,6,4,5,4,4,4,3,snk2,left,7,18,9,10,10,10,11,10,12,10,13,10,13,11,13,12,13,13,12,13,11,13,10,13,9,13,8,13,7,13,6,13,5,13,4,13,4,12,4,11,4,10,4,9,4,8,4,7,4,6,4,5,4,4,4,3
snk1,left,7,18,8,10,9,10,10,10,11,10,12,10,13,10,13,11,13,12,13,13,12,13,11,13,10,13,9,13,8,13,7,13,6,13,5,13,4,13,4,12,4,11,4,10,4,9,4,8,4,7,4,6,4,5,4,4,snk2,left,7,18,8,10,9,10,10,10,11,10,12,10,13,10,13,11,13,12,13,13,12,13,11,13,10,13,9,13,8,13,7,13,6,13,5,13,4,13,4,12,4,11,4,10,4,9,4,8,4,7,4,6,4,5,4,4
snk1,left,7,18,7,10,8,10,9,10,10,10,11,10,12,10,13,10,13,11,13,12,13,13,12,13,11,13,10,13,9,13,8,13,7,13,6,13,5,13,4,13,4,12,4,11,4,10,4,9,4,8,4,7,4,6,4,5,snk2,left,7,18,7,10,8,10,9,10,10,10,11,10,12,10,13,10,13,11,13,12,13,13,12,13,11,13,10,13,9,13,8,13,7,13,6,13,5,13,4,13,4,12,4,11,4,10,4,9,4,8,4,7,4,6,4,5
snk1,down,7,18,7,11,7,10,8,10,9,10,10,10,11,10,12,10,13,10,13,11,13,12,13,13,12,13,11,13,10,13,9,13,8,13,7,13,6,13,5,13,4,13,4,12,4,11,4,10,4,9,4,8,4,7,4,6,snk2,left,7,18,7,11,7,10,8,10,9,10,10,10,11,10,12,10,13,10,13,11,13,12,13,13,12,13,11,13,10,13,9,13,8,13,7,13,6,13,5,13,4,13,4,12,4,11,4,10,4,9,4,8,4,7,4,6
snk1,down,7,18,7,12,7,11,7,10,8,10,9,10,10,10,11,10,12,10,13,10,13,11,13,12,13,13,12,13,11,13,10,13,9,13,8,13,7,13,6,13,5,13,4,13,4,12,4,11,4,10,4,9,4,8,4,7,snk2,down,7,18,7,12,7,11,7,10,8,10,9,10,10,10,11,10,12,10,13,10,13,11,13,12,13,13,12,13,11,13,10,13,9,13,8,13,7,13,6,13,5,13,4,13,4,12,4,11,4,10,4,9,4,8,4,7
snk1,right,7,18,8,12,7,12,7,11,7,10,8,10,9,10,10,10,11,10,12,10,13,10,13,11,13,12,13,13,12,13,11,13,10,13,9,13,8,13,7,13,6,13,5,13,4,13,4,12,4,11,4,10,4,9,4,8,snk2,down,7,18,8,12,7,12,7,11,7,10,8,10,9,10,10,10,11,10,12,10,13,10,13,11,13,12,13,13,12,13,11,13,10,13,9,13,8,13,7,13,6,13,5,13,4,13,4,12,4,11,4,10,4,9,4,8
snk1,right,7,18,9,12,8,12,7,12,7,11,7,10,8,10,9,10,10,10,11,10,12,10,13,10,13,11,13,12,13,13,12,13,11,13,10,13,9,13,8,13,7,13,6,13,5,13,4,13,4,12,4,11,4,10,4,9,snk2,right,7,18,9,12,8,12,7,12,7,11,7,10,8,10,9,10,10,10,11,10,12,10,13,10,13,11,13,12,13,13,12,13,11,13,10,13,9,13,8,13,7,13,6,13,5,13,4,13,4,12,4,11,4,10,4,9
snk1,right,7,18,10,12,9,12,8,12,7,12,7,11,7,10,8,10,9,10,10,10,11,10,12,10,13,10,13,11,13,12,13,13,12,13,11,13,10,13,9,13,8,13,7,13,6,13,5,13,4,13,4,12,4,11,4,10,snk2,right,7,18,10,12,9,12,8,12,7,12,7,11,7,10,8,10,9,10,10,10,11,10,12,10,13,10,13,11,13,12,13,13,12,13,11,13,10,13,9,13,8,13,7,13,6,13,5,13,4,13,4,12,4,11,4,10
snk1,right,7,18,11,12,10,12,9,12,8,12,7,12,7,11,7,10,8,10,9,10,10,10,11,10,12,10,13,10,13,11,13,12,13,13,12,13,11,13,10,13,9,13,8,13,7,13,6,13,5,13,4,13,4,12,4,11,snk2,right,7,18,11,12,10,12,9,12,8,12,7,12,7,11,7,10,8,10,9,10,10,10,11,10,12,10,13,10,13,11,13,12,13,13,12,13,11,13,10,13,9,13,8,13,7,13,6,13,5,13,4,13,4,12,4,11
snk1,right,7,18,12,12,11,12,10,12,9,12,8,12,7,12,7,11,7,10,8,10,9,10,10,10,11,10,12,10,13,10,13,11,13,12,13,13,12,13,11,13,10,13,9,13,8,13,7,13,6,13,5,13,4,13,4,12,snk2,right,7,18,12,12,11,12,10,12,9,12,8,12,7,12,7,11,7,10,8,10,9,10,10,10,11,10,12,10,13,10,13,11,13,12,13,13,12,13,11,13,10,13,9,13,8,13,7,13,6,13,5,13,4,13,4,12
snk1,up,7,18,12,11,12,12,11,12,10,12,9,12,8,12,7,12,7,11,7,10,8,10,9,10,10,10,11,10,12,10,13,10,13,11,13,12,13,13,12,13,11,13,10,13,9,13,8,13,7,13,6,13,5,13,4,13,snk2,right,7,18,12,11,12,12,11,12,10,12,9,12,8,12,7,12,7,11,7,10,8,10,9,10,10,10,11,10,12,10,13,10,13,11,13,12,13,13,12,13,11,13,10,13,9,13,8,13,7,13,6,13,5,13,4,13
snk1,left,7,18,11,11,12,11,12,12,11,12,10,12,9,12,8,12,7,12,7,11,7,10,8,10,9,10,10,10,11,10,12,10,13,10,13,11,13,12,13,13,12,13,11,13,10,13,9,13,8,13,7,13,6,13,5,13,snk2,up,7,18,11,11,12,11,12,12,11,12,10,12,9,12,8,12,7,12,7,11,7,10,8,10,9,10,10,10,11,10,12,10,13,10,13,11,13,12,13,13,12,13,11,13,10,13,9,13,8,13,7,13,6,13,5,13
snk1,left,7,18,10,11,11,11,12,11,12,12,11,12,10,12,9,12,8,12,7,12,7,11,7,10,8,10,9,10,10,10,11,10,12,10,13,10,13,11,13,12,13,13,12,13,11,13,10,13,9,13,8,13,7,13,6,13,snk2,left,7,18,10,11,11,11,12,11,12,12,11,12,10,12,9,12,8,12,7,12,7,11,7,10,8,10,9,10,10,10,11,10,12,10,13,10,13,11,13,12,13,13,12,13,11,13,10,13,9,13,8,13,7,13,6,13
snk1,left,7,18,9,11,10,11,11,11,12,11,12,12,11,12,10,12,9,12,8,12,7,12,7,11,7,10,8,10,9,10,10,10,11,10,12,10,13,10,13,11,13,12,13,13,12,13,11,13,10,13,9,13,8,13,7,13,snk2,left,7,18,9,11,10,11,11,11,12,11,12,12,11,12,10,12,9,12,8,12,7,12,7,11,7,10,8,10,9,10,10,10,11,10,12,10,13,10,13,11,13,12,13,13,12,13,11,13,10,13,9,13,8,13,7,13
snk1,left,7,18,8,11,9,11,10,11,11,11,12,11,12,12,11,12,10,12,9,12,8,12,7,12,7,11,7,10,8,10,9,10,10,10,11,10,12,10,13,10,13,11,13,12,13,13,12,13,11,13,10,13,9,13,8,13,snk2,left,7,18,8,11,9,11,10,11,11,11,12,11,12,12,11,12,10,12,9,12,8,12,7,12,7,11,7,10,8,10,9,10,10,10,11,10,12,10,13,10,13,11,13,12,13,13,12,13,11,13,10,13,9,13,8,13
snk1,,7,18,8,11,8,11,9,11,10,11,11,11,12,11,12,12,11,12,10,12,9,12,8,12,7,12,7,11,7,10,8,10,9,10,10,10,11,10,12,10,13,10,13,11,13,12,13,13,12,13,11,13,10,13,9,13,snk2,left,7,18,8,11,8,11,9,11,10,11,11,11,12,11,12,12,11,12,10,12,9,12,8,12,7,12,7,11,7,10,8,10,9,10,10,10,11,10,12,10,13,10,13,11,13,12,13,13,12,13,11,13,10,13,9,13
